id,section,pdf_sentence,disposition,bank_key,score,status
9e5a890acf,Client Details,Client Name: Client Telephone: Inspection Date:,ADD,,0,OPEN
ca7a61684a,Party conflict disclosure,No Conflict: I am not aware of any conflict of interest in this instruction as defined by the current RICS Valuations Professional Standards incorporating the RICS Valuation - Global Professional Standards and the RICS Rules of Conduct.,EXACT,{PARTY_DISCLOSURES_NONE},100,DONE
f86a0742a4,Party conflict disclosure,"Should any conflict become apparent before completion of the inspection or report, you will be informed immediately.",EXACT,{PARTY_DISCLOSURES_NONE},100,DONE
be24e1a5de,Party conflict disclosure,Conflict noted: I suspect that a conflict-of-interest issue may exist in this transaction as defined by current RICS Valuation Standards and the RICS Rules of Conduct.,EXACT,{PARTY_DISCLOSURES_CONFLICT},100,DONE
5f8e443e5c,Party conflict disclosure,I am known to one or more persons connected to the property owner or to an interest in the property.,EXACT,{PARTY_DISCLOSURES_CONFLICT},100,DONE
ae7285f45a,Property address,"Property Address Town County Postcode Country Weather: At the time of my inspection, the weather was dry, wet, overcast, sunny, cold, windy, rainy, snowing, following a period of dry, wet, overcast, sunny, cold, windy, rainy, snowing weather.",MENU,,0,UNVERIFIED
a452aa3bff,Property address,"Weather conditions can influence the visibility of certain defects, particularly those associated with roof coverings, rainwater goods, and dampness.",MENU,,0,UNVERIFIED
ddbc0263b4,Property address,"Status: At the time of my inspection, the property was occupied, vacant, or partly occupied.",MENU,,0,UNVERIFIED
6fad4d7559,Property address,"The property was fully furnished, partly furnished, unfurnished, and floor surfaces were fully covered, partly covered, uncovered, which limited inspection of concealed areas.",MENU,,0,UNVERIFIED
eefefc1bda,Property address,"Orientation: The front elevation of the property faces approximately north, north-east, east, south-east, south, south-west, west, north-west.",MENU,,0,UNVERIFIED
224577a393,Property address,References to orientation within this report assume the reader is standing facing the front of the property.,EXACT,{D_PROPERTY_FACING},100,DONE
3d331391bf,Overall opinion,"Reasonable: I am pleased to advise you that this property is believed to be a reasonable proposition for purchase at £390,500.00 [Three Hundred Ninety Thousand and five hundred Pounds].",TOKENISED,{OVERALL_OPINION_REASONABLE},78,DONE
e0a703ceaf,Overall opinion,"In my opinion, the property represents a reasonable, good, fair, poor proposition for purchase at the agreed price, subject to the findings and recommendations contained within this report.",MENU,,0,UNVERIFIED
73d6e6f7c2,Overall opinion,"Future maintenance and repair should be anticipated in accordance with the property's age, construction, and level of ongoing maintenance.",MENU,,0,UNVERIFIED
aa5d09f023,Overall opinion,"Reasonable with repair: This property is believed to be a reasonable proposition for purchase, given that you are prepared to cover the costs and accept the inconvenience of dealing with any repairs or improvement works reported.",EXACT,{OVERALL_OPINION_REASONABLE_WITH_REPAIR},100,DONE
8daadd909f,Overall opinion,These defects are considered normal in properties of this age and construction.,EXACT,{OVERALL_OPINION_REASONABLE_WITH_REPAIR},100,DONE
1af2a909fc,Overall opinion,"Provided that the works are carried out to a good standard, I cannot foresee any problems regarding a future resale of the property in normal market conditions.",EXACT,{OVERALL_OPINION_REASONABLE_WITH_REPAIR},100,DONE
dcb9584d6c,Overall opinion,"(Although this appears in this part of the report, the field selection and input are captured at the end of the report to allow the surveyor to provide a comment based on the full post inspection assessment) Property type: The property is a detached, semi-detached, end-of-terrace, mid-terrace, purpose-built flat, converted flat, maisonette, bungalow, cottage, other providing one, two, three, four, five, six or more bedrooms.",MENU,,0,UNVERIFIED
5610692719,Overall opinion,"Year built: The property is understood to have been built in (enter year), pre-1900, 1900-1929, 1930-1949, 1950-1969, 1970-1989, 1990-2009, 2010 onwards, or the exact construction date is unknown.",ADD,{D_YEAR_BUILT_I_THINK},45,OPEN
9492ba2941,Overall opinion,"This assessment is based on available information, the apparent age and style of construction, and a visual inspection only.",MENU,,0,UNVERIFIED
d6a87464df,Overall opinion,"Unless documentary evidence is available, the stated age should be regarded as an approximation.",EXACT,{D_YEAR_BUILT_I_THINK},100,DONE
5d7e858f5a,Overall opinion,"Where the construction date cannot be confirmed, the age assessment is based upon the property's apparent style and construction.",EXACT,{D_YEAR_BUILT_I_THINK},100,DONE
91edc36ddb,Overall opinion,"Not Extended: From observable physical evidence, the property does not appear to have been extended.",EXACT,{D_PRO_EXTENDED_STATUS_NOT_EXTENDED},100,DONE
429298bc94,Overall opinion,"Extended: The property has been extended to provide side, rear, front, single-storey, two-storey, roof, loft accommodation.",MENU,,0,UNVERIFIED
d6993743e2,Overall opinion,The extension appears compatible with the original building in terms of construction and appearance.,ADD,{D_YEAR_BUILT_I_THINK},54,OPEN
1a46619dc5,Overall opinion,"This assessment is based on a visual inspection only, and no opening-up or verification of concealed construction was undertaken.",ADD,{D_YEAR_BUILT_I_THINK},59,OPEN
dacf403f00,Overall opinion,"Your legal adviser should confirm that all necessary statutory approvals, including planning permission, Building Regulations approval, and any completion certificates or guarantees, have been obtained where required.",MENU,,0,UNVERIFIED
4f507e4df0,Overall opinion,Not converted: The property has not been converted.,EXACT,{D_PRO_CONVERSION_STATUS_NOT_CONVERTED},100,DONE
eb5eee599f,Overall opinion,Converted: The property has been converted from its original use.,EXACT,{D_PRO_CONVERSION_STATUS_KNOWN},100,DONE
3e21b477fa,Overall opinion,"The property was a detached house, semi-detached house, mid-terrace house, end-terrace house, other, which has been converted to self-contained units.",MENU,,0,UNVERIFIED
f09b92895d,Overall opinion,Known date: The year of conversion is (YYYY).,TOKENISED,{D_PRO_CONVERSION_STATUS_KNOWN},79,DONE
6b3a62019c,Overall opinion,Your legal adviser should confirm that all statutory local authority consents and approvals are in place.,EXACT,{D_PRO_CONVERSION_STATUS_KNOWN},100,DONE
9dae2647c0,Overall opinion,Unknown date: The date of conversion is unknown.,EXACT,{D_PRO_CONVERSION_STATUS_UNKNOWN},100,DONE
e2362b310f,Overall opinion,Your legal adviser should verify that all appropriate statutory approvals and completion certificates were obtained.,EXACT,{D_PRO_CONVERSION_STATUS_UNKNOWN},100,DONE
93be03bf12,Overall opinion,"Flat information: The property is located on the lower ground floor, ground floor, first floor, second floor, third floor, fourth floor, other floor of a one, two, three, four, other storey building.",MENU,,0,UNVERIFIED
49fcd1770b,Overall opinion,"The property is accessed via a private door, communal door, communal door with entry system, other to the front, side, rear, elevation of the property.",MENU,,0,UNVERIFIED
2162ad7cc2,Overall opinion,Accommodation summary: The accommodation comprises: Ground Floor First Floor Second Floor Third Floor Loft Basement / Cellar Outbuildings The accommodation schedule contained within this report is provided for identification purposes only.,ADD,{OVERALL_OPINION_QUALITY},48,OPEN
c3692ef9c2,Construction,"Type: The property is believed to be constructed using traditional masonry, solid wall, cavity wall, timber frame, steel frame, concrete wall, precast concrete panels, system-built, other construction.",MENU,,0,UNVERIFIED
ecc45aae0e,Construction,"Roof type: The main roof is of pitched, flat, mansard construction formed with traditional cut timber, prefabricated trussed rafters, other structural members.",MENU,,0,UNVERIFIED
8b5e5fc419,Construction,"Roof cover: The roof covering is formed in clay tiles, concrete tiles, natural slate, artificial slate, fibre cement slates, metal sheeting, mineral felt, rubber membrane, single-ply membrane, other.",MENU,,0,UNVERIFIED
8408858f54,Construction,"External walls: The external walls are constructed of solid brick, cavity brick, stone, timber frame, steel frame, rendered masonry, other construction.",MENU,,0,UNVERIFIED
6e1d5bfacb,Construction,"Internal walls: Internal walls are formed in solid masonry, timber stud partitions, lath and plaster, other.",MENU,,0,UNVERIFIED
105fc42126,Construction,"Floors: Floors are of solid concrete, suspended timber, beam and block, other construction.",MENU,,0,UNVERIFIED
c5edec6b13,Construction,"Windows: Windows are fitted with timber, PVCu, aluminium, steel, other frames incorporating single, double, triple glazing, secondary glazing, where applicable.",MENU,,0,UNVERIFIED
27338fa9d4,Construction,Construction has been identified from visible inspection only and has not been confirmed by opening concealed elements.,ADD,{D_CONSTRUCTION}::{CONDITION_TYPE_OF_CONSTRUCTION},49,OPEN
5700adc55f,Construction,"If timber or steel frame is selected, add this Modern Building Design: The building is believed to be of a modern design, framed externally with timber, steel, or other materials, but most of the framework is concealed on both sides by cladding.",MENU,,0,UNVERIFIED
1bf863cc4e,Construction,The durability of the structure is dependent upon the care taken during construction.,EXACT,{D_CONSTRUCTION}::{CONDITION_TYPE_OF_CONSTRUCTION},100,DONE
cfdc2068de,Construction,"For this reason, I cannot comment on the condition of the concealed structure, given the limited scope and technique of the inspection.",MENU,,0,UNVERIFIED
4229403c4a,Construction,Please be aware that any alteration to this type of building will require specialist advice from a qualified person.,EXACT,{D_CONSTRUCTION}::{CONDITION_TYPE_OF_CONSTRUCTION},100,DONE
a9bf0ad81d,Construction,The exterior of the property must be adequately maintained to prevent water penetration.,EXACT,{D_CONSTRUCTION}::{CONDITION_TYPE_OF_CONSTRUCTION},100,DONE
3dc5a40edd,Construction,It is also important to reduce the risk of condensation that might encourage damage or weaken concealed components.,EXACT,{D_CONSTRUCTION}::{CONDITION_TYPE_OF_CONSTRUCTION},100,DONE
63eb9075d8,Construction,"When improving insulation, you should ensure that the material used is appropriate.",EXACT,{D_CONSTRUCTION}::{CONDITION_TYPE_OF_CONSTRUCTION},100,DONE
bd26e01ee1,Construction,You can only install insulation within the wall cavity with specialist advice.,EXACT,{D_CONSTRUCTION}::{CONDITION_TYPE_OF_CONSTRUCTION},100,DONE
14530cbe9f,Construction,"If concrete wall or precast concrete panels are selected, add this: Where the property is of concrete or precast concrete panel construction, some lenders may regard this as a non-standard form of construction.",EXACT,{D_CONSTRUCTION}::{CONCRETE_CONSTRUCTION_ADVISORY},100,DONE
460483df94,Construction,"As a result, the availability of mortgage finance may be more limited than for traditionally constructed properties, and some lenders may decline to lend altogether.",MENU,,0,UNVERIFIED
538262f60c,Construction,"Lending criteria vary between mortgage providers and may depend on the specific construction type, its condition, and whether any approved repair or certification schemes have been carried out.",MENU,,0,UNVERIFIED
05cb8b1d68,Construction,You should make enquiries with your proposed lender or an independent mortgage broker at an early stage to confirm that satisfactory mortgage finance will be available before committing to the purchase.,EXACT,{D_CONSTRUCTION}::{CONCRETE_CONSTRUCTION_ADVISORY},100,DONE
d65b69a014,Construction,Listed building: The property is understood to be a listed building.,EXACT,{D_LISTED_BUILDING},100,DONE
5a93832716,Construction,"Where the property is listed, your legal adviser should advise you regarding the implications for future alterations, repairs, and maintenance.",MENU,,0,UNVERIFIED
9c65351e4e,Construction,"Energy performance: According to the available Energy Performance Certificate: Energy Efficiency Rating: A, B, C, D, E, F, or G.",MENU,,0,UNVERIFIED
470349b774,Construction,"Potential Rating: A, B, C, D, E, F, or G.",MENU,,0,UNVERIFIED
1c9839b4d2,Construction,This information has not been independently verified.,EXACT,{D_ENERGY},100,DONE
7bfdc63cc7,Construction,"Other services: The property is fitted with photovoltaic (solar PV) panels, solar water heating panels, an inverter, battery storage, other renewable energy installations.",MENU,,0,UNVERIFIED
8289c3d86d,Construction,"Where renewable energy systems are present, your legal adviser should confirm ownership, maintenance obligations, guarantees and any agreements with electricity providers.",MENU,,0,UNVERIFIED
37fe3ae9d6,Grounds,"Topology: The property occupies level, gently sloping, moderately sloping, steeply sloping ground.",MENU,,0,UNVERIFIED
60899c07ef,Grounds,"Front garden: The front garden is laid to lawn, artificial lawn, paving, timber decking, gravel, stones, hardstanding, other finishes.",MENU,,0,UNVERIFIED
4ddbe65a4e,Grounds,"Rear garden: The rear garden is laid to lawn, artificial lawn, paving, timber decking, gravel, stones, hardstanding, other finishes.",MENU,,0,UNVERIFIED
e674bb7e92,Grounds,"Communal garden: The communal garden is laid to lawn, artificial lawn, paving, timber decking, gravel, stones, hardstanding, other finishes.",MENU,,0,UNVERIFIED
8038e706f8,Grounds,"Fencing: Boundaries are formed by timber fencing, brick wall, block wall, hedging, wire mesh, concrete sections, metal railings, other.",MENU,,0,UNVERIFIED
8e5760ed88,Parking,No Parking: The property does not come with parking.,EXACT,{D_GROUND}::{NO_PARKING},100,DONE
311a768db1,Parking,"Type: The property comes with residential, private, allocated, communal, off-street, underground facility, other parking.",MENU,,0,UNVERIFIED
30b8838fe4,Parking,Paid parking: Pay and display parking operates in the immediate area.,EXACT,{D_GROUND}::{PAY_AND_DISPLAY},100,DONE
88b47e8607,Parking,Gated: The property is located within a gated development and accessed via security-operated or access-controlled gates.,EXACT,{D_GROUND}::{GATED_COMMUNITY},100,DONE
3ed4d3a6bc,Parking,"Location: The property is situated within a well-established residential area, modern residential development, mixed residential and commercial area, rural location, conservation, village setting, suburban location.",MENU,,0,UNVERIFIED
40843aa1e3,Parking,"Density: The surrounding development is considered low, medium, high density.",MENU,,0,UNVERIFIED
c21f9b9469,Parking,"Road: The property is located on an adopted public road, private road, cul-de-sac, unmade road, other.",MENU,,0,UNVERIFIED
c4da57598d,Parking,"Where the property is situated on a private road, your legal adviser should confirm maintenance responsibilities and any associated financial liabilities.",ADD,{D_LOCATION}::{LOCATION_NOT_PRIVATE_ROAD},58,OPEN
45f283b638,Parking,"Noise: The property is located adjacent to, or close to, train lines or a station, major roads, commercial premises, industrial premises, public open space, schools, other.",MENU,,0,UNVERIFIED
64c4892107,Parking,Such features may influence future enjoyment or marketability and should be considered before purchase.,ADD,{D_LOCATION}::{D_LOCATION_NEAR_NOISY_AREA},53,OPEN
b07bfff244,Parking,Conservation area: The property is suspected to be in an established conservation area.,EXACT,{D_LOCATION}::{D_LOCATION_CONVERSATION_AREA},100,DONE
b0c3fe8565,Parking,Your legal adviser should advise you on the implications of the property being situated in this location.,EXACT,{D_LOCATION}::{D_LOCATION_CONVERSATION_AREA},100,DONE
87b9a27da9,Parking,"Facilities: Local amenities observed within reasonable proximity include schools, shops, medical facilities, bus services, train stations, parks, other facilities.",MENU,,0,UNVERIFIED
922fe83423,Parking,"The availability, quality and suitability of local amenities have not been investigated as part of this inspection.",EXACT,{D_FACILITY_ACCESSIBLE},100,DONE
fe0553986c,Parking,Remote area - The property is in a remote area and likely to be far away from some of the usual facilities and amenities.,EXACT,{D_FACILITY_REMOTE},100,DONE
c53e3a597e,Parking,"Also, because of the location of the property, it is recommended that you contact the utility company to be certain regarding the nature of the drainage connection.",MENU,,0,UNVERIFIED
bcae44b287,Parking,"Local environment: I observed the following environmental feature(s) that may influence your enjoyment of the property, its future marketability or materially affect the subject property: • Susceptible to flooding • Railway line • Busy road • Commercial premises • Industrial premises • Public house • School • Electricity substation • Overhead power lines • Pylons • Airport flight path • Other Where environmental concerns exist, you should make your own enquiries before legal commitment.",ADD,{D_LOCATION}::{D_LOCATION_NEAR_NOISY_AREA},45,OPEN
6dfc043b4c,Parking,"If an electricity substation or overhead power lines are selected, add text below: The property is in a location that could be affected by electromagnetic fields from an electricity substation or pylons located near the property.",TOKENISED,{D_LOCAL_ENVIRONMENT_EMF},91,DONE
e3b5d0d1e9,Parking,"In addition to being unsightly, it may cause noise and disturbance, or interference may deter some future buyers, thus limiting saleability.",MENU,,0,UNVERIFIED
afccf3b392,Parking,The possible effects of electromagnetic fields have been the subject of media coverage.,EXACT,{H_OTHER_AREA}::{EMF},100,DONE
38ee5e6aca,Parking,"The Health Protection Agency (HPA), an independent body with responsibility for advising on electromagnetic fields, has advised that following the studies in 2000 and 2001, there may be risks, in specified circumstances, to the health of certain categories of people.",MENU,,0,UNVERIFIED
4949ce656b,Parking,"Public perception may, however, affect marketability and future value of the property.",MENU,,0,UNVERIFIED
152ca6a48f,Parking,"If required, technical information can be obtained from the HPA or local electricity company.",EXACT,{H_OTHER_AREA}::{EMF},100,DONE
0b73225820,Parking,"If susceptible to flooding is selected, add text below: The property is situated close to the sea, river, a canal, reservoir, or in a low-lying area, and may be susceptible to occasional or seasonal flooding.",MENU,,0,UNVERIFIED
7841d9e366,Parking,Your legal adviser should make further enquiries and advise you whether the building has been flooded in the past or is at risk of flooding.,ADD,{H_OTHER_AREA}::{FLOODING},62,OPEN
a4a8539a79,Parking,Enquiries should also be made to the Environment Agency.,ADD,{E_OUTSIDE_PROPERTY_LIMITATIONS}::{NO_REAR_ACCESS},49,OPEN
ea89b0cb26,Parking,E - Outside the Property Limitations My inspection of the exterior was carried out from ground level and other reasonably accessible positions.,ADD,{D_LOCATION}::{LOCATION_PRIVATE_PROPERTY_AREA},54,OPEN
c719c77a59,Parking,"My inspection was restricted by the surrounding elements, including the layout of the area, and available vantage points from which I was able to view the property.",MENU,,0,UNVERIFIED
3e371a0ad1,Parking,"Limitations: The inspection was limited by height, restricted access, nearby buildings, vegetation, weather conditions, roof configuration, health and safety considerations.",MENU,,0,UNVERIFIED
0b639efd03,Parking,Restricted Access: There was no direct access to the rear of the building.,EXACT,{E_OUTSIDE_PROPERTY_LIMITATIONS}::{NO_REAR_ACCESS},100,DONE
7dcd46c328,Parking,"For this reason, I cannot make any detailed comments regarding the condition of the uninspected walls, roof slopes, rainwater goods, etc.",MENU,,0,UNVERIFIED
76d1d3a398,Parking,You should accept the risk that some defects may exist in these unseen areas.,EXACT,{E_OUTSIDE_PROPERTY_LIMITATIONS}::{NO_REAR_ACCESS},100,DONE
a2b4b52491,Parking,"Roof coverings, chimney stacks, and high-level elements were inspected using binoculars where appropriate.",MENU,,0,UNVERIFIED
6733d360de,Parking,"No parts of the building were opened up, dismantled, or assessed.",MENU,,0,UNVERIFIED
bf8bd59d69,Parking,"Where elements were concealed or inaccessible, no comment can be made regarding their condition.",ADD,{H_GROUNDS}::{LIMITATIONS_NO_REAR_ACCESS},53,OPEN
13c81ad5df,Parking,Weather condition Wet weather: It was raining at the time of inspection; leaks and defects are more likely to be detected when it is raining.,EXACT,{E_RAINWATER_GOODS_WEATHER_CONDITION}::{WEATHER_CONDITION_WET},100,DONE
b9b21ae5d4,Parking,"Dry weather: It was more difficult to detect leakages to the chimney stacks, roof covering, and rainwater goods because it was not raining at the time of my inspection.",MENU,,0,UNVERIFIED
6e2a2b738f,Parking,"Snowfall: Snow was falling at the time of the inspection, or there had been recent snowfall before the inspection.",ADD,{E_RAINWATER_GOODS_WEATHER_CONDITION}::{WEATHER_CONDITION_WET},59,OPEN
f36fbdf7ec,Parking,"Snow cover and freezing conditions, including residual conditions, may have concealed defects to roofs, rainwater goods, external surfaces, and the surrounding grounds.",MENU,,0,UNVERIFIED
dca1eae90c,Parking,Some defects may only become apparent once the snow has melted and a further inspection may be required if concerns arise.,ADD,{H_OTHER_AREA}::{EMF},51,OPEN
5c7b77ea42,E1,Not Applicable: The property does not incorporate the element(s) referred to in this section.,EXACT,{E_CS_CHIMNEY_INSPECTION_STATUS}::{NOT_APPLICABLE},100,DONE
8bf9989e51,E1,No further comments are necessary.,EXACT,{E_CS_CHIMNEY_INSPECTION_STATUS}::{NOT_APPLICABLE},100,DONE
dfe0986fce,E1,Not Inspected: The chimney stack(s) could not be inspected due to access restrictions and the height and configuration of the building.,EXACT,{E_CS_CHIMNEY_INSPECTION_STATUS}::{NOT_INSPECTED_ACCESS},100,DONE
c26ccb0979,E1,"Consequently, I am unable to comment on their composition or condition.",EXACT,{E_CS_CHIMNEY_INSPECTION_STATUS}::{NOT_INSPECTED_ACCESS},100,DONE
9d48f7b446,E1,"As the roof is exposed to the weather, it should be inspected regularly and maintained as necessary to identify and address any defects at an early stage.",EXACT,{E_CS_CHIMNEY_INSPECTION_STATUS}::{NOT_INSPECTED_ACCESS},100,DONE
9b0b46b54c,E1,Shared chimney: The chimney stack is believed to be shared with the neighbouring property or properties.,TOKENISED,{E_CHIMNEY_MULTI_STACK}::{SHARED_CHIMNEY},93,DONE
9c63383e6b,E1,The owner of the neighbouring property or properties may have some legal rights over this shared chimney.,EXACT,{E_CHIMNEY_MULTI_STACK}::{SHARED_CHIMNEY},100,DONE
a911154711,E1,"Your legal adviser should confirm ownership, maintenance responsibilities and any legal rights affecting the shared structure.",EXACT,{E_CHIMNEY_MULTI_STACK}::{SHARED_CHIMNEY},100,DONE
08b0f2e09c,E1,"Not fully inspected: The chimney stack(s) could not be fully inspected because of height, restricted access, adjacent buildings, roof configuration, health and safety restrictions.",MENU,,0,VERIFIED
6dc0096886,E1,I cannot fully comment on their condition.,EXACT,{E_CS_CHIMNEY_INSPECTION_STATUS}::{PARTIAL_VIEW},100,DONE
eb9ede2757,E1,Comments are limited to those areas visible from accessible inspection positions.,EXACT,{E_CS_CHIMNEY_INSPECTION_STATUS}::{PARTIAL_VIEW},100,DONE
8933dfcc6a,E1,Dummy chimney breast: The property is installed with false or dummy chimney(s) with no internal brick breast.,EXACT,{E_CS_CHIMNEY_INSPECTION_STATUS}::{DUMMY_CHIMNEY_BREAST},100,DONE
f77e8ee03f,E1,"These are hollow, non-structural features usually built using timber or metal framing and covered with plasterboard or brick slips to mimic a traditional chimney stack.",EXACT,{E_CS_CHIMNEY_INSPECTION_STATUS}::{DUMMY_CHIMNEY_BREAST},100,DONE
e5cda31a07,E1,"Description: The chimney stack(s) are constructed of brick, stone, rendered masonry, other construction.",MENU,,0,VERIFIED
2fe7b860aa,E1,"The chimney stack(s) appear original, replaced, rebuilt.",MENU,,0,VERIFIED
1e3422712b,E1,"Number: The property has one, two, three, multiple stacks(s).",MENU,,0,UNVERIFIED
d445f70e8a,E1,"Location: The chimney stack(s) are located to the front, rear, side, centre, other locations.",MENU,,0,UNVERIFIED
8fb1b1a096,E1,"Pots: The chimney stack(s) are fitted with clay pots, terracotta pots, metal flues, cowls, caps, other pot(s).",MENU,,0,VERIFIED
2bb3fba9ae,E1,"Condition: Where visible, the chimney stack(s) appear in good, reasonable, fair, poor, very poor condition, consistent with their age and construction.",MENU,,0,UNVERIFIED
318b31ff53,E1,No repair: No significant defects requiring immediate attention were identified unless otherwise stated below.,EXACT,{E_CHIMNEY_MULTI_STACK}::{CONDITION},100,DONE
4eb9d1a7a9,E1,Routine inspection and maintenance should be expected as part of normal property ownership.,EXACT,{E_CHIMNEY_MULTI_STACK}::{CONDITION},100,DONE
6efba7639f,E1,"Flashings: The waterproofing between the chimney stack and the roof covering (called the flashing) appears to be formed in lead, lead substitute, mortar, bricks, tiles, other material.",MENU,,0,VERIFIED
676a77b58f,E1,"Condition: Where visible, the flashings appear in good, reasonable, poor, defective condition.",MENU,,0,VERIFIED
c070ca5c30,E1,Defective flashings may allow water penetration and should be repaired by an appropriately qualified roofing contractor.,EXACT,{E_CHIMNEY_MULTI_STACK}::{WATERPROOFING_FLASHING_CONDITION},100,DONE
99383af1b7,E1,Repair flashing: The waterproofing between the chimney stack and the roof covering is damaged or defective.,TOKENISED,{E_CHIMNEY_FLASHING_REPAIR}::{FLASHING_REPAIR_NOW},81,DONE
b84ef56477,E1,"This should be repaired soon, repaired now, depending on the severity of the defect.",MENU,,0,UNVERIFIED
e48bc8b35f,E1,"The roof covering and chimney stack may have to be disturbed to repair the flashing, and this can increase the extent of the work.",EXACT,{E_CHIMNEY_FLASHING_REPAIR}::{FLASHING_REPAIR_NOW},100,DONE
d018aaf5d5,E1,Causing damp: This is causing damp penetration to the adjoining building elements.,EXACT,{E_CHIMNEY_FLASHING_REPAIR}::{FLASHING_REPAIR_NOW_CAUSING_DUMP},100,DONE
d8427bf8c0,E1,"Flaunching: The cement bedding around the base of the chimney pot (called flaunching) appears to be formed in mortar, bricks, concrete, tiles, other material.",MENU,,0,VERIFIED
c145e061e5,E1,"Condition: Where visible, the flaunching appears in good, reasonable, poor, defective condition.",MENU,,0,VERIFIED
1159245f77,E1,Defective flaunching may permit water penetration and reduce the stability of chimney pots.,EXACT,{E_CHIMNEY_MULTI_STACK}::{WATERPROOFING_FLAUNCHING_CONDITION},100,DONE
dd0fbe38b9,E1,Repairs should be undertaken as part of routine maintenance or sooner where deterioration is significant.,EXACT,{E_CHIMNEY_MULTI_STACK}::{WATERPROOFING_FLAUNCHING_CONDITION},100,DONE
1992b38339,E1,Repair flaunching: The cement bedding around the base of the chimney pot (called flaunching) is damaged or defective.,TOKENISED,{E_CHIMNEY_MULTI_STACK}::{WATERPROOFING_FLAUNCHING},85,DONE
5c0eb02340,E1,"This should be repaired soon, repaired now.",MENU,,0,UNVERIFIED
7c0ddd9e3e,E1,"The roof covering and chimney stack may have to be disturbed to repair the flashing, and this can increase the amount of the work.",EXACT,{E_CHIMNEY_FLAUNCHING_REPAIR}::{FLAUNCHING_REPAIR_NOW},100,DONE
4d87fb9831,E1,The owner of the neighbouring property may have some legal rights over the shared chimney.,EXACT,{E_CHIMNEY_FLAUNCHING_REPAIR}::{FLAUNCHING_REPAIR_NOW},100,DONE
46929f370b,E1,You should check with your legal adviser before any work is done.,EXACT,{E_CHIMNEY_FLAUNCHING_REPAIR}::{FLAUNCHING_REPAIR_NOW},100,DONE
d018aaf5d5,E1,Causing damp: This is causing damp penetration to the adjoining building elements.,EXACT,{E_CHIMNEY_FLASHING_REPAIR}::{FLASHING_REPAIR_NOW_CAUSING_DUMP},100,DONE
244b190ae3,E1,"Pointing Condition: The mortar joints to the chimney stack appear in good, reasonable, weathered, eroded, poor, other condition(s).",MENU,,0,VERIFIED
e2acfb1733,E1,Weathered or eroded pointing should be renewed to reduce further deterioration and water penetration.,EXACT,{E_CHIMNEY_MULTI_STACK}::{POINTING_CONDITION},100,DONE
5cc16d2d82,E1,Repointing: Some of the mortar between the bricks or stonework (called pointing) is damaged or defective.,TOKENISED,{E_CHIMNEY_REPOINTING_REPAIR}::{CHIMNEY_REPOINTING_REPAIR_SOON},82,DONE
5c0eb02340,E1,"This should be repaired soon, repaired now.",MENU,,0,UNVERIFIED
7c0ddd9e3e,E1,"The roof covering and chimney stack may have to be disturbed to repair the flashing, and this can increase the amount of the work.",EXACT,{E_CHIMNEY_FLAUNCHING_REPAIR}::{FLAUNCHING_REPAIR_NOW},100,DONE
ed5d1fee7e,E1,"Damaged chimney pots: The chimney pots appear secure, weathered, cracked, damaged, missing, other.",MENU,,0,VERIFIED
d2dffaaf9a,E1,Damaged or insecure chimney pots should be repaired or replaced to maintain weather resistance and safety.,EXACT,{E_CHIMNEY_MULTI_STACK}::{POTS_CONDITION},100,DONE
9b617ac8f2,E1,Repair pot: One or several pots fitted to the main building chimney stack are broken and partly missing.,TOKENISED,{E_CHIMNEY_POTS_REPAIR}::{CHIMNEY_POTS_REPAIR_NOW},69,DONE
1c8b1b0314,E1,"To replace the pot, you will have to renew the cement bedding around the base, called the flaunching, which holds the pot in place.",MENU,,0,UNVERIFIED
e0d2226049,E1,"The chimney pot may also be connected to a chimney flue that serves a heating appliance below, and a suitable replacement must be used.",EXACT,{E_CHIMNEY_POTS_REPAIR}::{CHIMNEY_POTS_REPAIR_NOW},100,DONE
bb8a2996d8,E1,"Leaning chimney: The chimney stack appears slightly leaning, significantly leaning.",MENU,,0,VERIFIED
5e33f3de2d,E1,"Where significant movement is evident, further investigation by an appropriately qualified structural engineer or roofing contractor is recommended before legal commitment.",EXACT,{E_CHIMNEY_MULTI_STACK}::{LEANING_CHIMNEY_CONDITION_OK},100,DONE
7559b32079,E1,No repair required: No repair is currently needed.,EXACT,{E_CHIMNEY_MULTI_STACK}::{LEANING_CHIMNEY_CONDITION_OK},100,DONE
7e7c386b69,E1,The property must be maintained in the normal way.,EXACT,{E_CHIMNEY_MULTI_STACK}::{LEANING_CHIMNEY_CONDITION_OK},100,DONE
7a0a637999,E1,"Over time, brick or stone chimneys can distort and lean over.",EXACT,{E_CHIMNEY_MULTI_STACK}::{LEANING_CHIMNEY_CONDITION_OK},100,DONE
e4ef7ced23,E1,"In the worst cases, the stack can become unstable.",EXACT,{E_CHIMNEY_MULTI_STACK}::{LEANING_CHIMNEY_CONDITION_OK},100,DONE
d1cff76ab1,E1,"At present, this movement is small, and no action is required now.",MENU,,0,UNVERIFIED
5a9ba06c81,E1,"However, this problem can get worse, so the chimney should be periodically inspected, and you should plan to have the chimney rebuilt at a future time if the movement continues.",MENU,,0,UNVERIFIED
5e33f3de2d,E1,"Where significant movement is evident, further investigation by an appropriately qualified structural engineer or roofing contractor is recommended before legal commitment.",EXACT,{E_CHIMNEY_MULTI_STACK}::{LEANING_CHIMNEY_CONDITION_OK},100,DONE
4a806dd815,E1,"Repair required: At present, the observed chimney movement appears significant, and action is required now.",MENU,,0,UNVERIFIED
f19b64b87f,E1,"You should contact a qualified person to inspect the chimney and recommend remedial action, which may involve rebuilding the chimney.",EXACT,{E_CHIMNEY_MULTI_STACK}::{LEANING_CHIMNEY_CONDITION_REPAIR_SOON},100,DONE
3c4ee76d17,E1,"Add text to: Section J1 - Risk to Building - The chimney stack(s) is leaning and the movement appears significant, and immediate action is required.",EXACT,{RISK_TO_BUILDING}::{CHIMNEY_LEANING_SIGNIFICANT},100,DONE
a8291e1d2d,E1,"Removed chimney or pots: The chimney stack(s) or pots to the front, rear, side, centre have been removed, altered, covered over with roofing.",MENU,,0,UNVERIFIED
38b3535373,E1,You should ask your legal adviser to confirm whether the removed chimney stack(s) received appropriate statutory approvals where required from the local council and advise on the implications.,EXACT,{E_CS_CHIMNEY_INSPECTION_STATUS}::{REMOVED_CHIMNEY_STACK},100,DONE
a8244538ce,E1,"Poor chimney condition: The chimney stack(s) on the front, rear, side, centre of the building are in poor condition.",MENU,,0,UNVERIFIED
43c913e7b9,E1,"Although this can be repaired, it may be economical to rebuild the whole stack.",EXACT,{E_CHIMNEY_DISREPAIR_REPAIR}::{CHIMNEY_DISREPAIR_REPAIR_SOON},100,DONE
1b4e9664e4,E1,"If the chimney is no longer used by heating appliances below, it may be economical to reduce the chimney height to below roof level and extend the roof covering over it.",EXACT,{E_CHIMNEY_DISREPAIR_REPAIR}::{CHIMNEY_DISREPAIR_REPAIR_SOON},100,DONE
dabc766aea,E1,Add text to: Section J1 - Risk to Building - One or more chimney stack(s) is in poor condition.,EXACT,{RISK_TO_BUILDING}::{CHIMNEY_POOR_CONDITION},100,DONE
9494f221b2,E1,Further investigation and repair should be arranged immediately.,EXACT,{RISK_TO_BUILDING}::{CHIMNEY_POOR_CONDITION},100,DONE
1d08e2264c,E1,"Chimney Defects: One or more chimney defects were observed, including: • Loose flashings • Missing flashings • Cracked flaunching • Missing mortar • Spalled bricks • Damaged pointing • Loose chimney pots • Broken chimney pots • Vegetation growth • Open flues • Loose aerial fixings • Loose satellite dish fixings Repairs should be undertaken by an appropriately qualified roofing contractor to prevent further deterioration and water penetration.",ADD,{G_DRAINAGE}::{STANDARD_TEXT_2},43,OPEN
b6cd16ce83,E1,"Aerials and satellite dishes: An aerial, a satellite dish is attached to the chimney stack.",TOKENISED,{E_CHIMNEY_AERIAL_DISH_REPAIR}::{AERIAL_DISH_REPAIR_NOW},73,DONE
6797775a92,E1,"Where secure, no action is currently required.",ADD,{E_CHIMNEY_MULTI_STACK}::{LEANING_CHIMNEY_CONDITION_OK},61,OPEN
4002e08e00,E1,"Repair aerials and satellite dishes: An aerial or satellite dish attached to the property is loose, rusted, damaged, dangling, other.",MENU,,0,UNVERIFIED
ac120aa681,E1,Repair soon: This should be repaired soon.,EXACT,{E_CHIMNEY_AERIAL_DISH_REPAIR}::{AERIAL_DISH_REPAIR_SOON},100,DONE
b8080a8dae,E1,"Repair now: This is a safety hazard, and the aerial/satellite dish may fall to the ground or on people.",TOKENISED,{E_CHIMNEY_AERIAL_DISH_REPAIR}::{AERIAL_DISH_REPAIR_NOW_SAFETY_HAZARD},86,DONE
00478e4cc5,E1,"Where loose or inadequately fixed, repairs should be carried out promptly to prevent damage during adverse weather.",EXACT,{E_CHIMNEY_AERIAL_DISH_REPAIR}::{AERIAL_DISH_REPAIR_NOW_SAFETY_HAZARD},100,DONE
33e9cb13d6,E1,"General notes: Routine maintenance works should be carried out to prevent water penetration and thereafter as and when due, to keep the stacks in good condition.",EXACT,{E_CHIMNEY_REPAIR}::{STANDARD_TEXT},100,DONE
f05d3992dc,E1,"It would also be wise to check the condition of the chimney pots, flaunching, and flashing, during routine maintenance and carry out all necessary works to ensure weather tightness of the stacks.",MENU,,0,UNVERIFIED
062aa57fc7,E1,"If the Property is a Flat, add this: You should ask the management company whether any repairs to the chimney stack(s) have been carried out previously or are currently proposed.",EXACT,{E_CHIMNEY_REPAIR_DEFAULT_TEXT}::{DEFAULT_TEXT_FLAT},100,DONE
4d8e958cb5,E1,"Your legal adviser should confirm responsibility for repairs to the chimney stack(s) with the management company and ensure that an adequate sinking or reserve fund is in place to meet the cost of future repairs or replacement, should the need arise.",EXACT,{E_CHIMNEY_REPAIR_DEFAULT_TEXT}::{DEFAULT_TEXT_FLAT},100,DONE
840e1127c7,E1,This may help reduce the risk of unexpected repair costs or increases in the service charge.,EXACT,{E_CHIMNEY_REPAIR_DEFAULT_TEXT}::{DEFAULT_TEXT_FLAT},100,DONE
ff4b304a8c,E1,"Condition rating 1 The element(s) are performing their intended function, and no significant defects were observed.",EXACT,{E_CHIMNEY_REPAIR_CONDITION_RATING}::{CONDITION_RATING_1},100,DONE
7e4cd0eb87,E1,Routine maintenance appropriate to the age and construction should be expected.,EXACT,{E_CHIMNEY_REPAIR_CONDITION_RATING}::{CONDITION_RATING_1},100,DONE
406430f3fc,E1,Condition rating 2 Defects requiring repair or maintenance were identified.,EXACT,{E_CHIMNEY_REPAIR_CONDITION_RATING}::{CONDITION_RATING_2},100,DONE
fa813b899b,E1,"Although these are not considered urgent, repairs should be carried out to prevent further deterioration.",EXACT,{E_CHIMNEY_REPAIR_CONDITION_RATING}::{CONDITION_RATING_2},100,DONE
a61014b0f0,E1,Condition rating 3 Significant defects requiring urgent repair or further investigation were identified.,EXACT,{E_CHIMNEY_REPAIR_CONDITION_RATING}::{CONDITION_RATING_3},100,DONE
c1b89d1645,E1,Appropriate remedial works should be undertaken without delay.,EXACT,{E_CHIMNEY_REPAIR_CONDITION_RATING}::{CONDITION_RATING_3},100,DONE
2fdaa5c7e6,E1,"Where the extent of the defect cannot be determined during a visual inspection, further investigation by an appropriately qualified person is recommended before legal commitment.",EXACT,{E_CHIMNEY_REPAIR_CONDITION_RATING}::{CONDITION_RATING_3},100,DONE
39e03e4f7a,E2,Not Inspected: The roof covering(s) could not be inspected due to access restrictions and the height and configuration of the building.,EXACT,{E_ROOF_COVERING}::{E_RC_NOT_INSPECTED},100,DONE
4fdc996341,E2,"Consequently, I am unable to comment on their composition or condition.",EXACT,{E_CS_CHIMNEY_INSPECTION_STATUS}::{NOT_INSPECTED_ACCESS},100,DONE
e747bfcd4a,E2,"As the roof is exposed to the weather, it should be inspected regularly and maintained as necessary to identify and address any defects at an early stage.",EXACT,{E_CS_CHIMNEY_INSPECTION_STATUS}::{NOT_INSPECTED_ACCESS},100,DONE
01d4a9e23d,E2,"Description: The pitched, mansard, flat roof covering to the main building, extension, porch, or bay window, other is formed in original or replacement clay tiles, concrete tiles, natural slate, artificial slate, fibre cement slates, aluminium sheets, composite slate, asbestos sheet, other material.",MENU,,0,UNVERIFIED
e7b5a53452,E2,"Condition: Where visible, the covering appears in good, reasonable, fair, poor, very poor condition.",MENU,,0,UNVERIFIED
44f615c559,E2,No repair required: No significant defects requiring immediate attention were identified unless otherwise stated below.,EXACT,{E_CHIMNEY_MULTI_STACK}::{CONDITION},100,DONE
648e2fe649,E2,The roof covering appears to be adequately performing its function.,EXACT,{E_ROOF_COVERING}::{RC_ABOUT_TYPE_CONDITION},100,DONE
5bb8c5ad8d,E2,Routine maintenance appropriate to the age of the roof covering should be expected.,EXACT,{E_ROOF_COVERING}::{E_RC_FLASHING_CONDITION},100,DONE
ed4bb8f85d,E2,"Old roof covering: The roof covering over the building is old and may have reached, or be nearing, the end of its useful life and will need to be stripped and renewed soon.",MENU,,0,UNVERIFIED
55c985884a,E2,If re-covered in heavier materials the timbers may need to be strengthened to comply with current Building Regulations.,EXACT,{E_ROOF_COVERING_REPAIR}::{END_OF_USEFUL_LIFE},100,DONE
588e3f4a38,E2,"Further, although functioning satisfactorily, older roof coverings should be expected to require increased maintenance and eventual replacement as part of their normal service life.",MENU,,0,UNVERIFIED
400e7416b5,E2,"Repair soon: One or more tiles, slates, are loose, missing, lifted, slipped, cracked, broken, distorted, other.",MENU,,0,UNVERIFIED
49466e4fbc,E2,This should be repaired soon.,EXACT,{E_CHIMNEY_AERIAL_DISH_REPAIR}::{AERIAL_DISH_REPAIR_SOON},100,DONE
341b602ea6,E2,You should contact a qualified roofing contractor to carry out further investigation and replace or repair damaged covering.,EXACT,{E_RC_TILES}::{REPAIR_SOON},100,DONE
131a9f37f9,E2,"Repair now: One or more tiles, slates, roof covering sections are severely or significantly loose, missing, lifted, slipped, cracked, broken, distorted, other.",MENU,,0,UNVERIFIED
bb34402bcf,E2,"Given the extent of the defect, this should be repaired now.",ADD,{E_RC_PARAPET_WALL_REPAIR}::{REPAIR_NOW},64,OPEN
ac686303fb,E2,The fixings on older roofs can weaken and result in more future maintenance.,EXACT,{E_RC_TILES}::{REPAIR_NOW},100,DONE
9507d45c4f,E2,"In some cases, it may be economical to replace the whole roof covering rather than continuing to repair.",EXACT,{E_RC_TILES}::{REPAIR_NOW},100,DONE
ae063f683b,E2,You should contact a qualified roofing contractor to carry out further investigation and recommend remedial work.,EXACT,{E_RC_TILES}::{REPAIR_NOW},100,DONE
4060fac2c5,E2,Leaking: The roof covering has extensive defects that are likely to allow water penetration into the building and may present a safety risk.,ADD,{E_RC_FLAT_ROOF_REPAIR}::{REPAIR_NOW},53,OPEN
184797e4ea,E2,Urgent repair is required.,ADD,{E_ROOF_COVERING_REPAIR}::{CONDITION_RATING_2},46,OPEN
debf2f3627,E2,"You should instruct a suitably qualified roofing contractor to carry out a detailed inspection, identify the full extent of the defects, and undertake the necessary remedial works without delay.",MENU,,0,UNVERIFIED
aaf8c238ec,E2,"Add text to: Section J3 - Risk to People - One or more tiles, slates, or roof covering sections are loose, slipped, cracked, broken, or missing.",MENU,,0,UNVERIFIED
9a0f49c3b3,E2,"Add text to: Section J1 - Risk to Building - One or more tiles, slates, or roof covering sections are loose, slipped, cracked, broken, or missing.",MENU,,0,UNVERIFIED
e0efed9da6,E2,"Parapet walls: The parapet wall(s) are constructed of brick, stone, rendered masonry, concrete, other.",MENU,,0,UNVERIFIED
f521df8d28,E2,"Coping: The parapet coping is formed in stone, tiles, concrete, engineering brick, metal, other material.",MENU,,0,UNVERIFIED
a9c2b8683d,E2,"Condition: Where visible, these elements appear in good, reasonable, poor, defective condition.",MENU,,0,UNVERIFIED
b5817579c5,E2,Defective copings or pointing should be repaired to prevent water penetration.,EXACT,{E_ROOF_COVERING}::{E_RC_PARAPET_WALL_CONDITION},100,DONE
44f615c559,E2,No repair required: No significant defects requiring immediate attention were identified unless otherwise stated below.,EXACT,{E_CHIMNEY_MULTI_STACK}::{CONDITION},100,DONE
ddecf9e273,E2,Routine maintenance appropriate to the age of the wall should be expected.,EXACT,{E_ROOF_COVERING}::{E_RC_PARAPET_WALL_CONDITION},100,DONE
121989d3f1,E2,"Repair parapet: The rendering, copping, flashing, other of the parapet(s) of the roof are damaged, loose, partly missing, cracked, poorly secured, other.",MENU,,0,UNVERIFIED
5c217262ff,E2,"This should be repaired soon, repaired now.",MENU,,0,UNVERIFIED
a923990f0f,E2,"Adjacent parts of the roof covering may have to be disturbed to repair the verge tiles, and this can increase the amount of repair work.",EXACT,{E_RC_PARAPET_WALL_REPAIR}::{REPAIR_NOW},100,DONE
fe1f27bf3d,E2,"Safety hazard: This is a safety hazard, and parts of the parapet wall may fall to the ground and cause injury to people or property damage.",EXACT,{E_RC_PARAPET_WALL_REPAIR}::{REPAIR_NOW_SAFETY_HAZARD},100,DONE
833eeb27d8,E2,"Roof line deflection: Minor undulation or deflection to all, front, rear, side roof slopes were observed.",MENU,,0,UNVERIFIED
c6fc00fc98,E2,"Such distortion is not uncommon in properties of this age and, unless accompanied by evidence of progressive movement, is not necessarily of structural significance.",MENU,,0,UNVERIFIED
2e62d4f326,E2,"No repair required: No repair is currently needed, and this is not considered to be structurally significant.",EXACT,{E_ROOF_COVERING_ROOF_CONDITION}::{RC_ROOF_CONDITION_OK},100,DONE
fd0a1db7ca,E2,The timber used in older roofs can gradually change shape or distort during normal use.,EXACT,{E_ROOF_COVERING_ROOF_CONDITION}::{RC_ROOF_CONDITION_OK},100,DONE
ec086e8938,E2,"Also, heavier replacement tiles can cause minor deflection to the roof line in some instances.",EXACT,{E_ROOF_COVERING_ROOF_CONDITION}::{RC_ROOF_CONDITION_OK},100,DONE
ed517a96e1,E2,This does not currently appear to be a problem and is considered normal for this type of roof.,EXACT,{E_ROOF_COVERING_ROOF_CONDITION}::{RC_ROOF_CONDITION_OK},100,DONE
fcefd27c7a,E2,"Should further deflection or distortion occur, you should arrange for inspection by a qualified person.",EXACT,{E_ROOF_COVERING_ROOF_CONDITION}::{RC_ROOF_CONDITION_OK},100,DONE
01e21af7ac,E2,"Repair defect: The surface of the front, rear, side roof slope(s) of the building is significantly distorted, uneven or undulating.",MENU,,0,UNVERIFIED
9ab9c0d1ea,E2,You should contact a qualified roofing contractor to replace damaged timber or strengthen any weakened or undersized timber so that the roof structure can adequately bear the weight of the roof covering.,EXACT,{E_RC_DEFLECTION_OTHER}::{DEFLECTION_STRENGTHEN_TIMBER},100,DONE
260b809efe,E2,"Add text to: Section J1 - Risk to Building - The surface of the roof slope(s) of the building is significantly distorted, uneven or undulating.",TOKENISED,{E_ROOF_COVERING_ROOF_CONDITION}::{RC_ROOF_CONDITION_INVESTIGATE},99,DONE
372d66d83a,E2,"Flat roof coverings: The flat roof covering over the building is formed in mineral felt, high-performance felt, rubber membrane, single-ply membrane, GRP fibreglass, asphalt, fibreglass, lead, other material.",MENU,,0,UNVERIFIED
e7b5a53452,E2,"Condition: Where visible, the covering appears in good, reasonable, fair, poor, very poor condition.",MENU,,0,UNVERIFIED
5e025d9c51,E2,Flat felt roof coverings have a comparatively short life and will require regular maintenance checks.,EXACT,{E_ROOF_COVERING_MATERIAL}::{FLAT_MATERIAL_MINERAL_FELT},100,DONE
664546de9b,E2,"Even though the general condition of the felt may appear satisfactory for its type and age, repairs or replacement must be expected in the future.",EXACT,{E_ROOF_COVERING_MATERIAL}::{FLAT_MATERIAL_MINERAL_FELT},100,DONE
d3c40de8b2,E2,"It is difficult to predict when this will be required as felt roofs can break down with little warning, even when visually appearing sound.",EXACT,{E_ROOF_COVERING_MATERIAL}::{FLAT_MATERIAL_MINERAL_FELT},100,DONE
44f615c559,E2,No repair required: No significant defects requiring immediate attention were identified unless otherwise stated below.,EXACT,{E_CHIMNEY_MULTI_STACK}::{CONDITION},100,DONE
85af95929d,E2,The flat roof covering appears to be adequately performing its function.,FIX,{E_ROOF_COVERING}::{RC_ABOUT_TYPE_CONDITION},96,OPEN
5bb8c5ad8d,E2,Routine maintenance appropriate to the age of the roof covering should be expected.,EXACT,{E_ROOF_COVERING}::{E_RC_FLASHING_CONDITION},100,DONE
94af7f43ff,E2,"If the composite slates or asbestos sheet is selected, add the Asbestos: Parts of the roof covering and verge may contain asbestos.",EXACT,{E_ROOF_COVERING_MATERIAL}::{MATERIAL_COMPOSITE},100,DONE
cf046b4d9c,E2,This type of asbestos base product is not normally a cause for concern according to the Health and Safety Executive.,EXACT,{E_ROOF_COVERING_MATERIAL}::{MATERIAL_COMPOSITE},100,DONE
eb29062680,E2,"However, it should not be disturbed, sanded, or drilled without taking suitable safety precautions.",MENU,,0,UNVERIFIED
874078d879,E2,"When the slates are eventually replaced, a licensed removal contractor will need to be instructed, and this could be costly.",MENU,,0,UNVERIFIED
65acec184e,E2,"Therefore, quotations for this work should be obtained before purchase commitment.",EXACT,{E_ROOF_COVERING_MATERIAL}::{MATERIAL_COMPOSITE},100,DONE
dd44aa6d75,E2,"Because of the possible asbestos content, you should get advice from a contractor experienced in this type of work or an asbestos specialist before any work is carried out.",EXACT,{E_ROOF_COVERING_MATERIAL}::{MATERIAL_COMPOSITE},100,DONE
63b8b23f41,E2,"Old roof covering: The flat roof covering over the building is old and may have reached, or be nearing, the end of its useful life and will need to be stripped and renewed soon.",MENU,,0,UNVERIFIED
0f0686ea80,E2,"If re-covered in heavier materials, the timbers may need to be strengthened to comply with current Building Regulations.",FIX,{E_ROOF_COVERING_REPAIR}::{END_OF_USEFUL_LIFE},100,OPEN
588e3f4a38,E2,"Further, although functioning satisfactorily, older roof coverings should be expected to require increased maintenance and eventual replacement as part of their normal service life.",MENU,,0,UNVERIFIED
6012072319,E2,"Flashings: The waterproofing at the junction of the roof covering and wall (called the flashing) appears to be formed in lead, mortar, clay tiles, mineral felt, bitumen tape, lead substitute, other.",MENU,,0,UNVERIFIED
c07f94654e,E2,"Condition: Where visible, the flashings appear in good, reasonable, poor, defective condition.",MENU,,0,VERIFIED
cbea8fb9a4,E2,Defective flashings should be repaired to reduce the risk of water penetration.,EXACT,{E_ROOF_COVERING}::{E_RC_FLASHING_CONDITION},100,DONE
44f615c559,E2,No repair required: No significant defects requiring immediate attention were identified unless otherwise stated below.,EXACT,{E_CHIMNEY_MULTI_STACK}::{CONDITION},100,DONE
5bb8c5ad8d,E2,Routine maintenance appropriate to the age of the roof covering should be expected.,EXACT,{E_ROOF_COVERING}::{E_RC_FLASHING_CONDITION},100,DONE
6bc4cd17a2,E2,Repair flashing: The waterproofing at the junction of the roof covering and wall is damaged or defective.,TOKENISED,{E_ROOF_COVERING}::{E_RC_FLASHING},76,DONE
5c217262ff,E2,"This should be repaired soon, repaired now.",MENU,,0,UNVERIFIED
3d73e8cb05,E2,"The roof covering may have to be disturbed to repair the flashing, and this can increase the amount of the work.",FIX,{E_RC_VERGE_REPAIR}::{REPAIR_NOW},85,OPEN
3adc62b5c5,E2,The owner of the neighbouring property may have some legal rights over the shared chimney.,EXACT,{E_CHIMNEY_FLAUNCHING_REPAIR}::{FLAUNCHING_REPAIR_NOW},100,DONE
998004909b,E2,You should check with your legal adviser before any work is done.,EXACT,{E_CHIMNEY_FLAUNCHING_REPAIR}::{FLAUNCHING_REPAIR_NOW},100,DONE
bcf569c2db,E2,"Causing damp: This is causing damp penetration to the adjoining building elements, and you must arrange to repair this urgently.",ADD,{E_RC_FLAT_ROOF_REPAIR}::{REPAIR_NOW},57,OPEN
501c58b1cc,E2,Further defects and damage may be revealed from an intrusive or closer inspection by a qualified person.,ADD,{E_ROOF_COVERING_ROOF_CONDITION}::{RC_ROOF_CONDITION_OK},62,OPEN
10957c0b01,E2,"Ridge tiles: The covering along the top of the roof structure, called the ridge tiles, is assumed to be formed in clay, concrete, other material.",MENU,,0,UNVERIFIED
91e3cb03f8,E2,"Condition: Where visible, they appear in good, reasonable, poor, defective condition.",MENU,,0,UNVERIFIED
5efa104ad3,E2,Loose or defective ridge tiles should be rebedded or mechanically fixed as appropriate.,EXACT,{E_ROOF_COVERING}::{E_RC_RIDGE_TILES_CONDITION},100,DONE
44f615c559,E2,No repair required: No significant defects requiring immediate attention were identified unless otherwise stated below.,EXACT,{E_CHIMNEY_MULTI_STACK}::{CONDITION},100,DONE
c9e5c23c1b,E2,Routine maintenance appropriate to the age of the ridge tiles should be expected.,EXACT,{E_ROOF_COVERING}::{E_RC_RIDGE_TILES_CONDITION},100,DONE
eb8ec2fd4c,E2,"Repair ridge tiles: The covering along the top of the roof structure called, the ridge tiles, is damaged or defective.",MENU,,0,UNVERIFIED
5c217262ff,E2,"This should be repaired soon, repaired now.",MENU,,0,UNVERIFIED
3d73e8cb05,E2,"The roof covering may have to be disturbed to repair the flashing, and this can increase the amount of the work.",FIX,{E_RC_VERGE_REPAIR}::{REPAIR_NOW},85,OPEN
3adc62b5c5,E2,The owner of the neighbouring property may have some legal rights over the shared chimney.,EXACT,{E_CHIMNEY_FLAUNCHING_REPAIR}::{FLAUNCHING_REPAIR_NOW},100,DONE
998004909b,E2,You should check with your legal adviser before any work is done.,EXACT,{E_CHIMNEY_FLAUNCHING_REPAIR}::{FLAUNCHING_REPAIR_NOW},100,DONE
a5d9d05527,E2,"Hip tiles: The covering along the junction of the roof slopes, called the hip tiles, is assumed to be formed in clay, concrete, other material.",MENU,,0,UNVERIFIED
91e3cb03f8,E2,"Condition: Where visible, they appear in good, reasonable, poor, defective condition.",MENU,,0,UNVERIFIED
91b4cf15c3,E2,Repairs should be undertaken where movement or deterioration is evident.,EXACT,{E_ROOF_COVERING}::{E_RC_HIP_TILES_CONDITION},100,DONE
44f615c559,E2,No repair required: No significant defects requiring immediate attention were identified unless otherwise stated below.,EXACT,{E_CHIMNEY_MULTI_STACK}::{CONDITION},100,DONE
0123ecccd1,E2,Routine maintenance appropriate to the age of the hip tiles should be expected.,EXACT,{E_ROOF_COVERING}::{E_RC_HIP_TILES_CONDITION},100,DONE
d21d57c057,E2,Repair hip tile: The covering along the slope of the roof structure (called the hip tiles) is damaged or defective.,TOKENISED,{E_ROOF_COVERING}::{E_RC_RIDGE_TILES},82,DONE
5c217262ff,E2,"This should be repaired soon, repaired now.",MENU,,0,UNVERIFIED
3d73e8cb05,E2,"The roof covering may have to be disturbed to repair the flashing, and this can increase the amount of the work.",FIX,{E_RC_VERGE_REPAIR}::{REPAIR_NOW},85,OPEN
3adc62b5c5,E2,The owner of the neighbouring property may have some legal rights over the shared chimney.,EXACT,{E_CHIMNEY_FLAUNCHING_REPAIR}::{FLAUNCHING_REPAIR_NOW},100,DONE
998004909b,E2,You should check with your legal adviser before any work is done.,EXACT,{E_CHIMNEY_FLAUNCHING_REPAIR}::{FLAUNCHING_REPAIR_NOW},100,DONE
b6453fee49,E2,"Valley Gutters: The valley gutters are formed in lead, mortar, other material.",MENU,,0,UNVERIFIED
91d103b79a,E2,"Condition: Where visible, they appear in good, reasonable, poor, blocked condition.",MENU,,0,UNVERIFIED
6c304f237d,E2,"Blocked or defective valley gutters should be cleared, repaired, or replaced as necessary to ensure effective drainage and prevent water penetration into the building.",MENU,,0,UNVERIFIED
44f615c559,E2,No repair required: No significant defects requiring immediate attention were identified unless otherwise stated below.,EXACT,{E_CHIMNEY_MULTI_STACK}::{CONDITION},100,DONE
ef68cb786c,E2,Routine maintenance appropriate to the age of the guttering should be expected.,FIX,{E_ROOF_COVERING}::{E_RC_FLASHING_CONDITION},93,OPEN
2adee3533c,E2,"Repair valley gutters: The valley gutter at the junction of the roofs to all, front, side, rear, of the building is blocked, has loose mortar, poorly aligned.",MENU,,0,UNVERIFIED
aaa269d923,E2,"This should be repaired soon, now.",MENU,,0,UNVERIFIED
c62b04db6e,E2,"Adjacent parts of the roof covering may have to be disturbed to repair the gutter, and this can increase the amount of repair work.",EXACT,{E_ROOF_COVERING_REPAIR}::{E_RC_VALLEY_GUTTERS_REPAIR},100,DONE
49466e4fbc,E2,This should be repaired soon.,EXACT,{E_CHIMNEY_AERIAL_DISH_REPAIR}::{AERIAL_DISH_REPAIR_SOON},100,DONE
8acf1bc198,E2,"Repair verge: The mortar, tiles, slates, clips, caps, other items along the edge of the roof, called the verge, are damaged, cracked, loose, other.",MENU,,0,UNVERIFIED
77c9a68b40,E2,"This should be repaired soon and, if significant, repaired promptly.",MENU,,0,UNVERIFIED
7c071b09a3,E2,"Adjacent parts of the roof covering may have to be disturbed to repair the verge, and this can increase the amount of repair work.",EXACT,{E_RC_VERGE_REPAIR}::{REPAIR_NOW},100,DONE
49466e4fbc,E2,This should be repaired soon.,EXACT,{E_CHIMNEY_AERIAL_DISH_REPAIR}::{AERIAL_DISH_REPAIR_SOON},100,DONE
b3bd4cee6c,E2,"Repair Flat roof: The flat roof covering is weathered, blistered, split, torn, worn, ponding, damaged, other.",MENU,,0,UNVERIFIED
ab8cb9f128,E2,Repairs or replacement should be undertaken before further deterioration results in water penetration.,EXACT,{E_RC_FLAT_ROOF_REPAIR}::{REPAIR_SOON},100,DONE
cebef3e9f9,E2,"To replace the covering, the work will have to meet the requirements of the building regulations.",EXACT,{E_RC_FLAT_ROOF_REPAIR}::{REPAIR_SOON},100,DONE
a00c49247a,E2,This may increase the amount of repair work.,EXACT,{E_RC_FLAT_ROOF_REPAIR}::{REPAIR_NOW},100,DONE
482a9a603c,E2,Causing damp - The observed defect is causing damp penetration to the building below.,EXACT,{E_RC_FLAT_ROOF_REPAIR}::{REPAIR_NOW},100,DONE
2e6f89b6f0,E2,The flat roof covering needs repair or replacement now.,EXACT,{E_RC_FLAT_ROOF_REPAIR}::{REPAIR_NOW},100,DONE
b932d7dc97,E2,"To do this, the work will have to meet the requirements of the Building Regulations.",UNRESOLVED,{E_RC_FLAT_ROOF_REPAIR}::{REPAIR_NOW},99,OPEN
a00c49247a,E2,This may increase the amount of repair work.,EXACT,{E_RC_FLAT_ROOF_REPAIR}::{REPAIR_NOW},100,DONE
58760970f5,E2,"Add text to: Section J1 - Risk to Building - The flat roof covering is weathered, blistered, split, torn, worn, ponding, or defective and causing rainwater to penetrate the building below.",MENU,,0,UNVERIFIED
f14ec8285b,E2,"Roof Spreading: The roof slopes to all, front, side, and rear of the building appear uneven or undulating, and the adjoining wall appears distorted, cracked, bowing or leaning outwards.",MENU,,0,UNVERIFIED
1ad3bf0543,E2,These are visual indicators that may be consistent with roof spread and suggest that the roof timber structure may require strengthening.,EXACT,{E_ROOF_COVERING_REPAIR}::{RC_ROOF_SPREADING},100,DONE
e74e0282d7,E2,I recommend that you instruct a suitably qualified structural engineer or roofing specialist to carry out further investigation and advise on any necessary remedial work without undue delay.,EXACT,{E_ROOF_COVERING_REPAIR}::{RC_ROOF_SPREADING},100,DONE
ac5d7bbe0b,E2,"General maintenance: Roof coverings should be inspected periodically, particularly following severe weather.",ADD,{E_ROOF_COVERING}::{E_RC_NOT_INSPECTED},50,OPEN
21b46d2372,E2,"Routine maintenance, including replacement of isolated defective coverings, clearance of debris and localised repairs, should be expected throughout the life of the roof.",MENU,,0,UNVERIFIED
fb07222ec5,E2,"Add text to: Section J1 - Risk to Building - The roof slopes to the front, side and rear of the building appear uneven or undulating, and the adjoining wall appears distorted, cracked, bowing or leaning outwards.",MENU,,0,UNVERIFIED
1ddd6a9e13,E2,"If the Property is a Flat, add this: You should ask the management company whether any repairs to the roof covering have been carried out previously or are currently proposed.",EXACT,{E_ROOF_COVERING_REPAIR}::{E_RC_REPAIR_DEFAULT_TEXT},100,DONE
bb05cf79ba,E2,"Your legal adviser should confirm responsibility for repairs to the roof covering with the management company and ensure that an adequate sinking or reserve fund is in place to meet the cost of future repairs or replacement, should the need arise.",EXACT,{E_ROOF_COVERING_REPAIR}::{E_RC_DEFAULT_TEXT_IF_FLAT_ROOF},100,DONE
de0455e805,E2,This may help reduce the risk of unexpected repair costs or increases in the service charge.,EXACT,{E_CHIMNEY_REPAIR_DEFAULT_TEXT}::{DEFAULT_TEXT_FLAT},100,DONE
ff1f75406d,E3,Not Inspected: The rainwater goods could not be inspected due to access restrictions and the height and configuration of the building.,EXACT,{E_RAINWATER_GOODS_ABOUT}::{RWG_NOT_INSPECTED},100,DONE
6826165716,E3,"Consequently, I am unable to comment on their composition or condition.",EXACT,{E_CS_CHIMNEY_INSPECTION_STATUS}::{NOT_INSPECTED_ACCESS},100,DONE
80bcf455a3,E3,"As the roof is exposed to the weather, it should be inspected regularly and maintained as necessary to identify and address any defects at an early stage.",EXACT,{E_CS_CHIMNEY_INSPECTION_STATUS}::{NOT_INSPECTED_ACCESS},100,DONE
9bdfe80f05,E3,"Description: The rainwater goods comprise PVC, cast iron, aluminium, steel, concrete, asbestos cement, other, gutters, downpipes, hoppers, and associated fittings.",MENU,,0,UNVERIFIED
01d5d549f7,E3,"Condition: Where visible, the rainwater goods appear in good, reasonable, fair, poor, very poor condition, consistent with their age and type.",MENU,,0,UNVERIFIED
0aa13fdde9,E3,No parts of the rainwater installation were dismantled or tested.,EXACT,{E_RAINWATER_GOODS_ABOUT}::{RWG_ABOUT_CONDITION},100,DONE
3f1d400da6,E3,The adequacy of underground drainage has not been assessed as part of this inspection.,EXACT,{E_RAINWATER_GOODS_ABOUT}::{RWG_ABOUT_CONDITION},100,DONE
1cc47eeecf,E3,No repair required: No significant defects requiring immediate attention were identified unless otherwise stated below.,EXACT,{E_CHIMNEY_MULTI_STACK}::{CONDITION},100,DONE
113e2c7e23,E3,The rainwater goods appear to be adequately performing their function.,EXACT,{E_RAINWATER_GOODS_ABOUT}::{RWG_ABOUT_CONDITION},100,DONE
fb19cc7862,E3,Routine maintenance appropriate to the age and type of the rainwater goods should be expected.,EXACT,{E_RAINWATER_GOODS_ABOUT}::{RWG_ABOUT_CONDITION},100,DONE
032cf159a9,E3,Rainwater runoffs: Some rainwater pipes have not been connected to gullies or extended sufficiently away from the building and allowed to drain directly to the ground.,EXACT,{E_RAINWATER_GOODS_ABOUT}::{RWG_OPEN_RUNOFFS},100,DONE
3ddfde933f,E3,"Rainwater can penetrate nearby structures and potentially cause internal dampness, timber rot, or erosion around the building.",MENU,,0,UNVERIFIED
988a191a0d,E3,The discharge arrangement should be reviewed and improved where appropriate.,EXACT,{E_RAINWATER_GOODS_ABOUT}::{RWG_OPEN_RUNOFFS},100,DONE
6ad0e54745,E3,Shared Rainwater Goods: The rainwater goods are believed to be shared with the adjoining property.,EXACT,{E_RAINWATER_GOODS_ABOUT}::{RAINWATER_GOODS_SHARED},100,DONE
e399bf812c,E3,"Your legal adviser should confirm ownership, maintenance responsibilities and any rights or obligations affecting the shared installation.",EXACT,{E_RAINWATER_GOODS_ABOUT}::{RAINWATER_GOODS_SHARED},100,DONE
653bcf0a78,E3,"If asbestos cement is selected, add: The rainwater goods contain asbestos cement.",EXACT,{E_RAINWATER_GOODS_ABOUT}::{RWG_IF_TYPE_ASBESTOS_CEMENT},100,DONE
7100fc7852,E3,"Because of the possible asbestos content, you should get advice from a contractor experienced in this type of work or an asbestos specialist before the pipes or gutters are disturbed in any way.",EXACT,{E_RAINWATER_GOODS_ABOUT}::{RWG_IF_TYPE_ASBESTOS_CEMENT},100,DONE
1cde44471b,E3,"This includes activities such as cleaning out gutters, etc.",EXACT,{E_RAINWATER_GOODS_ABOUT}::{RWG_IF_TYPE_ASBESTOS_CEMENT},100,DONE
8e03d6f9a6,E3,Repairs Insufficient slope: The slope on the guttering is too shallow.,EXACT,{E_RAINWATER_GOODS_ABOUT}::{RWG_IF_TYPE_IF_INSUFFICIENT_SLOPE},100,DONE
68afc3eb1b,E3,This prevents the rainwater from draining properly and may result in future leaks.,EXACT,{E_RAINWATER_GOODS_ABOUT}::{RWG_IF_TYPE_IF_INSUFFICIENT_SLOPE},100,DONE
c0510066f9,E3,The gutters should be refitted with an adequate slope soon.,EXACT,{E_RAINWATER_GOODS_ABOUT}::{RWG_IF_TYPE_IF_INSUFFICIENT_SLOPE},100,DONE
ffdcce417e,E3,"You may have to replace parts of the system, and this can increase the amount of repair work.",EXACT,{E_RAINWATER_GOODS_ABOUT}::{RWG_IF_TYPE_IF_INSUFFICIENT_SLOPE},100,DONE
a5c319da9e,E3,"Damaged Sections: Sections of the gutters or downpipes are cracked, distorted, broken, split, missing, other.",MENU,,0,UNVERIFIED
c56c54728f,E3,"This should be repaired soon, repaired now.",MENU,,0,UNVERIFIED
b85f6bf809,E3,Repairs or replacement should be undertaken to maintain the weather resistance of the building.,EXACT,{E_RAINWATER_GOODS_ABOUT}::{RWG_REPAIR_SOON},100,DONE
ca3371805e,E3,Leakage: Staining to fittings and adjoining elements and localised dampness indicate previous or current leakage from the rainwater goods.,ADD,{E_RAINWATER_GOODS_ABOUT}::{RWG_ABOUT_CONDITION},47,OPEN
de603c083b,E3,"The affected sections should be checked for watertightness and repaired soon or repaired now, depending on the severity of the defect.",ADD,{E_RAINWATER_GOODS_ABOUT}::{RWG_BLOCKED},48,OPEN
d2b67c1ab2,E3,Repairs should be undertaken to prevent further deterioration of adjacent building elements.,EXACT,{E_RAINWATER_GOODS_ABOUT}::{RWG_REPAIR_NOW},100,DONE
fe0d7cf576,E3,"Blocked Gutters: Vegetation, moss, leaves, or other debris were observed within sections of the guttering.",MENU,,0,UNVERIFIED
9d872c3349,E3,The gutters should be cleared as part of routine maintenance to maintain effective rainwater disposal.,EXACT,{E_RAINWATER_GOODS_ABOUT}::{RWG_BLOCKED},100,DONE
aafe24f968,E3,"Blocked Gullies: One or more drainage gullies serving the rainwater system appear partially blocked, fully blocked.",EXACT,{E_RAINWATER_GOODS_ABOUT}::{RWG_BLOCKED_GULLIES},100,DONE
a211b57920,E3,Blocked gullies may result in localised flooding and water penetration to adjacent building elements.,EXACT,{E_RAINWATER_GOODS_ABOUT}::{RWG_BLOCKED_GULLIES},100,DONE
927e597224,E3,The gullies should be cleared and maintained regularly.,EXACT,{E_RAINWATER_GOODS_ABOUT}::{RWG_BLOCKED_GULLIES},100,DONE
7cb87b30c2,E3,"Defective Connections: One or more gutter or downpipe joints and connections are loose, missing, leaking, displaced, defective, other.",MENU,,0,UNVERIFIED
97bf504979,E3,"This should be repaired soon, now.",MENU,,0,UNVERIFIED
38bc3d897c,E3,Repairs should be undertaken to maintain the effectiveness of the rainwater system.,ADD,{E_RAINWATER_GOODS_ABOUT}::{RWG_REPAIR_SOON},70,OPEN
3467ecb995,E3,"Corrosion: Sections of the rainwater goods exhibit light, moderate, significant corrosion.",MENU,,0,UNVERIFIED
7f7b508f6a,E3,Corroded sections should be repaired or replaced where necessary to maintain satisfactory performance.,ADD,{E_RAINWATER_GOODS_ABOUT}::{RWG_BLOCKED},54,OPEN
8daef8d41d,E3,This should be repaired promptly if the damage is significant.,ADD,{E_RAINWATER_GOODS_ABOUT}::{RWG_REPAIR_SOON},59,OPEN
f6f33ed7b2,E3,"Add text to: Section J1 - Risk to Building - One or more defects affecting the rainwater gutters, downpipes, associated fittings, and drainage arrangements were noted.",MENU,,0,UNVERIFIED
66f0879e69,E3,"General Maintenance: Rainwater goods should be inspected and cleared at regular intervals, particularly during the autumn and following severe weather.",EXACT,{E_RAINWATER_GOODS_ABOUT}::{RWG_STANDARD_TEXT},100,DONE
8061daad21,E3,"Routine maintenance will assist in preventing blockages, overflow, water penetration, and premature deterioration.",MENU,,0,UNVERIFIED
8a9130fc27,E3,"If the Property is a Flat, add this: You should ask the management company whether any repairs to the rainwater goods have been carried out previously or are currently proposed.",EXACT,{E_RAINWATER_GOODS_ABOUT}::{RWG_IF_PROPERTY_FLAT_SELECTED},100,DONE
90782d46f0,E3,"Your legal adviser should confirm responsibility for repairs to the rainwater goods with the management company and ensure that an adequate sinking or reserve fund is in place to meet the cost of future repairs or replacement, should the need arise.",EXACT,{E_RAINWATER_GOODS_ABOUT}::{RWG_IF_PROPERTY_FLAT_SELECTED},100,DONE
483cc8fe52,E3,This may help reduce the risk of unexpected repair costs or increases in the service charge.,EXACT,{E_CHIMNEY_REPAIR_DEFAULT_TEXT}::{DEFAULT_TEXT_FLAT},100,DONE
e4c548c5a1,E4,The external walls have been inspected visually and by touch from the outside and internally where exposed.,EXACT,{E_MAIN_WALLS}::{STANDARD_TEXT},100,DONE
5df284bfe5,E4,No opening up or destructive investigation has been undertaken.,EXACT,{E_MAIN_WALLS}::{STANDARD_TEXT},100,DONE
244e656e2e,E4,The composition of the wall material cannot be fully confirmed without causing damage to the walls.,EXACT,{E_MAIN_WALLS}::{STANDARD_TEXT},100,DONE
d556f0aa85,E4,"Description: The external walls of the main building, extension(s), other, are constructed of (type 000) mm solid brick, cavity brick, cavity blockwork, timber frame, rendered masonry, pebble dash masonry, other construction type(s).",MENU,,0,UNVERIFIED
9ce34a783c,E4,"Cladding: The external wall finish or cladding comprises facing brickwork, natural or reconstituted stone, timber cladding, plastic panelling boards.",MENU,,0,UNVERIFIED
7296b0705b,E4,"weatherboarding, fibre cement boards, uPVC cladding, fibre cement panels, composite cladding panels, glass curtain walling, hanging tiles (including shingle or plain tiles), aluminium cladding panels, terracotta cladding tiles, other finishes.",MENU,,0,UNVERIFIED
6c69340469,E4,"Condition: Where visible, the walls appear in good, reasonable, fair, poor, very poor condition, consistent with their age and type of construction.",MENU,,0,UNVERIFIED
c4a40e4ca0,E4,No repair required: No significant defects requiring immediate attention were identified unless otherwise stated below.,EXACT,{E_CHIMNEY_MULTI_STACK}::{CONDITION},100,DONE
0330779511,E4,The external walls appear to be adequately performing their function.,EXACT,{E_MAIN_WALLS}::{WALL_CONDITION},100,DONE
67f95949e7,E4,Routine maintenance appropriate to the age and construction of the building should be expected.,EXACT,{E_MAIN_WALLS}::{WALLS_CONDITION},100,DONE
a854d21f15,E4,"Painted Walls: The external wall surfaces, or parts of them, have been painted.",MENU,,0,UNVERIFIED
3bed6515e2,E4,"Painting masonry can reduce its ability to breathe, trapping moisture within the wall.",ADD,{WALLS_DAMP_TYPE_PRESENT}::{WALLS_DAMP_TYPE_PRESENT_UNKNOWN_CAUSE},55,OPEN
9450ca8ed5,E4,"Rainwater may penetrate through fine cracks in the paint but be unable to evaporate freely, increasing the risk of dampness, frost damage and spalling of bricks or render over time.",MENU,,0,UNVERIFIED
bc65025d43,E4,High internal humidity can also contribute to moisture becoming trapped within the wall construction.,ADD,{E_MAIN_WALL_REPAIR}::{WALL_FINISHES_TYPE_PAINTED},56,OPEN
ca68824cc9,E4,"Painted external masonry also requires regular maintenance, as the finish will deteriorate and require periodic preparation and repainting to maintain its weather resistance and appearance.",ADD,{WALL_SPALLING_REPAIR_WALLS}::{WALL_SPALLING_REPAIR_NOW},49,OPEN
1cae6a7212,E4,"When future redecoration is undertaken, breathable masonry paint should be used where appropriate to minimise the risk of moisture becoming trapped.",ADD,{WALLS_DAMP_TYPE_PRESENT}::{WALLS_DAMP_TYPE_PRESENT_INSTALL_FRENCH_GUTTERS},50,OPEN
30c237a835,E4,"EWS1 Cladding: The external walls are partially or predominantly cladded with a brick-slip, brick-effect outer face, rainscreen boards, terracotta tiles, compressed composite boards, aluminium panels, glass reinforced concrete (GRC) panels, glass curtain walling, hanging tiles (including shingle or plain tiles), aluminium cladding panels, etc.",MENU,,0,UNVERIFIED
5de6b961c8,E4,"This type of construction typically comprises fixing the cladding materials to a metal support frame secured to the primary structure, with a ventilated cavity and non-combustible mineral wool insulation behind.",ADD,{MAIN_WALL_MOVEMENTS_TYPE}::{MAIN_WALL_MOVEMENTS_TYPE_INVESTIGATE},46,OPEN
985faa7dea,E4,"The inner leaf is commonly formed of concrete, blockwork or a metal framing system incorporating sheathing board and plasterboard lining.",ADD,{MAIN_WALL_MOVEMENTS_TYPE}::{MAIN_WALL_MOVEMENTS_TYPE_INVESTIGATE},45,OPEN
c46d1999b4,E4,"EWS1 form not required: Based on the visual evidence available during my inspection, the external wall construction appears broadly consistent with a building that may satisfy current EWS1 requirements.",ADD,{E_MAIN_WALLS}::{REMOVED_WALL_LOCATION},47,OPEN
777904955f,E4,"However, this inspection did not include an assessment of the external wall system for fire safety compliance, and I am not qualified to certify compliance.",MENU,,0,UNVERIFIED
77ceeb885b,E4,"Confirmation can only be provided following an assessment by a suitably qualified fire safety professional, where required, and the issue of a valid EWS1 form.",MENU,,0,UNVERIFIED
79bf8e9994,E4,"Your legal adviser should make further enquiries of the seller or managing agent and obtain a copy of any current EWS1 form, together with details of any planned, ongoing, or completed fire safety or cladding remediation works before you exchange contracts or commit to the purchase.",MENU,,0,UNVERIFIED
0fbb1429fe,E4,This inspection should not be relied upon as confirmation of compliance with current fire safety legislation or lender requirements.,ADD,{WALL_POINTING_REPAIR_LOCATION}::{WALL_POINTING_REPAIR_NOW},51,OPEN
d49634a0f7,E4,"Neither the surveyor nor this practice accepts liability for any loss, costs or delays arising from the fire performance of the external wall system, the absence or content of an EWS1 form, or any current or future remediation works or associated costs.",MENU,,0,UNVERIFIED
ecd96e0934,E4,EWS1 form required: The external wall construction observed during my inspection indicates that a detailed assessment of the external wall system may be required to confirm compliance with current fire safety requirements.,ADD,{WALLS_DAMP_TYPE_PRESENT}::{WALLS_DAMP_TYPE_PRESENT_INSTALL_FRENCH_GUTTERS},48,OPEN
a4572ef0d4,E4,"My inspection was limited to a visual assessment only and did not include opening up, intrusive investigations or a fire safety appraisal of the cladding system.",ADD,{E_MAIN_WALL_REPAIR}::{WALL_REPAIR_CAVITY_WALL_INSULATION},45,OPEN
c456022343,E4,"Where required, confirmation of the fire performance of the external wall system can only be provided by a suitably qualified fire safety professional following a detailed assessment and, where applicable, the issue of a valid EWS1 form.",MENU,,0,UNVERIFIED
a302fd5c46,E4,"Your legal adviser should make further enquiries of the seller, freeholder or managing agent and obtain copies of any current EWS1 form, fire risk assessments relating to the external wall system, and details of any planned, ongoing or completed remediation works before exchange of contracts or completion of the purchase.",MENU,,0,UNVERIFIED
835ad94680,E4,"Neither the surveyor nor this practice has assessed the external wall system for compliance with fire safety legislation or lender requirements and accepts no liability to you or any third party for any loss, delay, remediation costs or other financial consequences arising directly or indirectly from the fire performance of the external wall system, the requirement for or content of an EWS1 form, or any current or future remedial works.",MENU,,0,UNVERIFIED
3cc6f14e66,E4,Minor subsidence: Diagonally stepped and other similar cracks were noted to the external elevations of the property.,ADD,{E_MAIN_WALLS}::{WEATHERED_WALL},50,OPEN
21280c5c43,E4,"Evidence of previous repairs, including localised repointing and repairs to the bay and other wall sections, was also observed.",MENU,,0,UNVERIFIED
6d02d81a7d,E4,"Based on a single visual inspection, it is not possible to confirm whether the movement is historic and stable or whether it is progressive.",ADD,{E_MAIN_WALLS}::{REMOVED_WALL_LOCATION},53,OPEN
9133b8ef83,E4,"Although no significant distortion or evidence requiring immediate structural intervention was apparent at the time of inspection, the cause, extent, and current activity of the movement cannot be confirmed without further investigation and monitoring over time.",MENU,,0,UNVERIFIED
6120827ce6,E4,"You should ask your legal adviser whether any guarantees, warranties, structural reports, or insurance claims relating to these repairs are available.",MENU,,0,UNVERIFIED
ced2d860f9,E4,"In the absence of satisfactory documentary evidence, I recommend that the affected areas are inspected by a suitably qualified structural engineer, who can advise whether any further investigation or monitoring is necessary before you commit to the purchase.",MENU,,0,UNVERIFIED
fa4abcd269,E4,"Significant subsidence: Significant diagonally stepped and other similar cracks associated with structural movement were noted to the building, the corresponding internal walls, and the party walls.",MENU,,0,UNVERIFIED
01efd84651,E4,"Where some of these cracks may have or have not been repaired and the time of repair is unknown, I am unable to confirm, from a single visual inspection, whether the movement is historic and stable or progressive.",MENU,,0,UNVERIFIED
154cb8b75e,E4,The pattern of cracking is consistent with movement that may be associated with subsidence or foundation movement.,ADD,{E_MAIN_WALLS}::{WALL_CONDITION},48,OPEN
91ef283273,E4,"I recommend that you instruct a suitably qualified structural engineer to investigate the cause, extent, and current activity of the movement before you exchange contracts.",MENU,,0,UNVERIFIED
eaf9d4b593,E4,"Your legal adviser should also establish whether there is any history of subsidence, structural movement, underpinning, monitoring, insurance claims, or structural repairs affecting the property.",MENU,,0,UNVERIFIED
a2df34cb86,E4,"If you proceed with the purchase without further investigation, you will be accepting the risk that more significant structural defects and associated repair costs may become apparent in the future.",ADD,{E_MAIN_WALLS}::{WALLLS_REMOVED_WALL_DEFECTS},52,OPEN
f312d7cf96,E4,Cavity Wall Insulation: There is evidence that cavity wall insulation has been installed.,EXACT,{E_MAIN_WALL_REPAIR}::{WALL_REPAIR_CAVITY_WALL_INSULATION},100,DONE
b66fcd5bad,E4,"Your legal adviser should verify the type of insulation used, the date of installation, and whether any guarantees or warranties are available.",MENU,,0,UNVERIFIED
6cfa65de5c,E4,"If it is confirmed that foam cavity wall insulation has been installed, please note that this type of insulation has been associated with problems in some properties.",EXACT,{E_MAIN_WALL_REPAIR}::{WALL_REPAIR_CAVITY_WALL_INSULATION},100,DONE
f0fc541867,E4,"These may include deterioration of the insulation over time, allowing moisture to bridge the cavity and resulting in internal dampness, or contributing to the accelerated corrosion of wall ties where conditions are conducive.",MENU,,0,UNVERIFIED
d0edfe3a8e,E4,The availability of any guarantees or warranties should also be confirmed.,EXACT,{E_MAIN_WALL_REPAIR}::{WALL_REPAIR_CAVITY_WALL_INSULATION},100,DONE
0b736bcf83,E4,"Thin wall: The external wall to the front, rear, side walls of the main building, extension, other is not thick enough and vulnerable to damp problems and heat loss.",MENU,,0,UNVERIFIED
30ddcbcf32,E4,This substandard construction should be improved soon.,EXACT,{E_MAIN_WALL_REPAIR}::{WALL_THIN_SLIM_WALL},100,DONE
603d837d2d,E4,"In some cases, rebuilding the wall to modern standards may be the only economic option.",EXACT,{E_MAIN_WALL_REPAIR}::{WALL_THIN_SLIM_WALL},100,DONE
e5d489b683,E4,"Damp-proof course: The walls have a barrier against dampness rising from the ground (called a damp-proof course or DPC is visible, partially visible, not visible; one would normally be expected for a property of this age and type.",MENU,,0,UNVERIFIED
d3b1f46fb2,E4,"The DPC is assumed to consist of plastic, felt, slates, engineering bricks, other.",MENU,,0,UNVERIFIED
0f36fe6cce,E4,The adequacy of concealed damp-proof courses cannot be confirmed during a visual inspection.,EXACT,{E_MAIN_WALLS}::{WALLS_DPC_NOT_VISIBLE},100,DONE
6752927082,E4,"DPC Treatment noted: I noted evidence of damp proof course treatment, wall ventilation apparatus, ventilation holes, other in the property.",MENU,,0,UNVERIFIED
f535502e26,E4,You should ask your legal adviser to check whether there has been a dampness problem before and if a valid guarantee or warranty covers this work.,EXACT,{WALLS_DAMP_TYPE_PRESENT}::{WALLS_DAMP_TYPE_PRESENT_DPC_TREATMENT_NOTED},100,DONE
9699ae770a,E4,"If not, you should ask an appropriately qualified person to inspect the property, assess its condition, and identify what repairs are required.",MENU,,0,UNVERIFIED
2868082c20,E4,"Once the repairs have been completed, this person should issue a certificate of 'structural worthiness.' You should ask your insurance company if this problem would affect your ability to get insurance cover for this property.",ADD,{WALLS_DAMP_TYPE_PRESENT}::{WALLS_DAMP_TYPE_PRESENT_DPC_TREATMENT_NOTED},70,OPEN
88339cc682,E4,Moisture metre readings: Random moisture readings were taken to accessible internal wall surfaces using a hand-held electronic moisture meter.,EXACT,{E_MAIN_WALLS}::{WALLS_DAMP_TYPE_NONE},100,DONE
58a14a8013,E4,No damp found: No readings were obtained that suggest abnormal moisture levels at the time of inspection.,EXACT,{E_MAIN_WALLS}::{WALLS_DAMP_TYPE_NONE},100,DONE
fe06efd464,E4,Damp found: Elevated moisture readings were recorded to sections of the internal wall surfaces that include (enter locations).,TOKENISED,{WALLS_DAMP_TYPE_PRESENT}::{WALLS_DAMP_TYPE_PRESENT_AREA},92,DONE
4430b76e9b,E4,"Penetrating damp cause: This may have been affected by penetrating damp probably caused by overflowing gutter, roof leak, leaking downpipe, bridged DPC, blocked gully, other.",MENU,,0,UNVERIFIED
88b7910c27,E4,"When the problem has been resolved, the wall may need to be repaired.",EXACT,{E_MAIN_WALLS}::{DAMPNESS_COMPOSITE_PROFESSIONAL},100,DONE
41e2e21684,E4,Repair options: The source of the moisture should be identified and remedied as a priority.,EXACT,{WALLS_DAMP_TYPE_PRESENT}::{WALLS_DAMP_TYPE_PRESENT_PENETRATING},100,DONE
b797c71700,E4,"This may involve repairs to the gutters, roof covering, downpipes, damp-proof course, blocked gullies, damaged drainage, other, as appropriate.",MENU,,0,UNVERIFIED
f802013d57,E4,"Once the source of moisture has been eliminated and the affected walls have been allowed sufficient time to dry naturally, any damaged plaster, decorations or other finishes should be repaired or replaced, as necessary.",MENU,,0,UNVERIFIED
46718f5d11,E4,The affected area should then be monitored to ensure that the dampness does not recur.,EXACT,{WALLS_DAMP_TYPE_PRESENT}::{WALLS_DAMP_TYPE_PRESENT_PENETRATING},100,DONE
7eb2eb6c65,E4,Investigate cause: The source of moisture cannot be confirmed during a visual inspection.,EXACT,{F_WALLS_AND_PARTITIONS}::{CAUSES_KNOWN},100,DONE
0102471dff,E4,You should instruct a suitably qualified contractor to investigate the cause of the dampness and carry out any necessary repairs to prevent further moisture penetration.,EXACT,{WALLS_DAMP_TYPE_PRESENT}::{WALLS_DAMP_TYPE_PRESENT_UNKNOWN_CAUSE},100,DONE
415fc2f04a,E4,"Following completion of the repairs, the affected walls should be allowed to dry before any replastering, redecoration or replacement of finishes is undertaken.",MENU,,0,UNVERIFIED
7cafc14ce3,E4,Premature redecoration may result in the recurrence of staining or damage if residual moisture remains within the wall.,EXACT,{WALLS_DAMP_TYPE_PRESENT}::{WALLS_DAMP_TYPE_PRESENT_UNKNOWN_CAUSE},100,DONE
258a03ba15,E4,Rising damp: The wall(s) may be affected by rising damp.,TOKENISED,{WALLS_DAMP_TYPE_PRESENT}::{WALLS_DAMP_TYPE_PRESENT_RISING},65,DONE
c80481e837,E4,"Probable causes include a damaged, deteriorated or bridged damp-proof course (DPC), high external ground levels, defective drainage, or other factors.",MENU,,0,UNVERIFIED
ba695ea35e,E4,The source of the moisture should be identified and remedied by a suitably qualified contractor.,FIX,{WALLS_DAMP_TYPE_PRESENT}::{WALLS_DAMP_TYPE_PRESENT_PENETRATING},82,OPEN
6a13791f54,E4,"Once the cause has been addressed, any damaged plaster, decorations or other affected finishes may require repair or replacement.",MENU,,0,UNVERIFIED
32ce8641e3,E4,"Add text to: Section J1 - Risk to Building - Elevated moisture readings and associated defects to wall finishes were recorded on internal wall surfaces, suggesting the presence of rising damp.",TOKENISED,{WALLS_DAMP_TYPE_PRESENT}::{WALLS_DAMP_TYPE_PRESENT_AREA},61,DONE
f5cb992880,E4,Further investigation by a suitably qualified damp and timber specialist is recommended to determine the cause and extent of the problem.,ADD,{E_MAIN_WALL_REPAIR}::{WALL_TIE_REPAIR},50,OPEN
a44be2b345,E4,"Install drain guttering: Because the external ground levels are high in relation to the building, the damp-proof course (DPC) may be bridged in places, allowing moisture to penetrate the walls.",MENU,,0,UNVERIFIED
0ee634d552,E4,External ground levels should be reduced where practicable to maintain an appropriate clearance below the damp-proof course.,EXACT,{WALLS_DAMP_TYPE_PRESENT}::{WALLS_DAMP_TYPE_PRESENT_INSTALL_FRENCH_GUTTERS},100,DONE
b79217cc2b,E4,"Where this is not feasible, suitable drainage measures, such as a French drain or gravel-filled drainage channel, may be appropriate to improve surface water drainage and reduce the risk of moisture penetration.",MENU,,0,UNVERIFIED
d9ac182f7d,E4,A suitably qualified contractor should advise on the most appropriate remedial solution.,EXACT,{WALLS_DAMP_TYPE_PRESENT}::{WALLS_DAMP_TYPE_PRESENT_INSTALL_FRENCH_GUTTERS},100,DONE
778ff9f5aa,E4,"Removed wall: An external wall to the lounge, kitchen, bedroom, other appears to have been removed as part of previous alterations.",MENU,,0,UNVERIFIED
5119eeab38,E4,This work should have been carried out with Building Regulations approval and should have included adequate structural support for the remaining wall above the openings.,EXACT,{E_MAIN_WALLS}::{REMOVED_WALL_LOCATION},100,DONE
207384b208,E4,"Due to the internal floor and ceiling finishes, I was unable to confirm whether suitable structural support has been provided.",EXACT,{E_MAIN_WALLS}::{REMOVED_WALL_LOCATION},100,DONE
afeb385206,E4,I strongly recommend that your legal adviser obtains confirmation that the necessary Building Regulations approval was obtained for these alterations.,EXACT,{E_MAIN_WALLS}::{REMOVED_WALL_LOCATION},100,DONE
82b8f75884,E4,"If the required approval cannot be confirmed, or the work was not properly supervised, there is a risk that additional structural support may be required.",MENU,,0,UNVERIFIED
de3fc2b3c2,E4,"This could result in further investigation, remedial works, additional costs, and disruption.",MENU,,0,UNVERIFIED
10f326d5be,E4,"Defect noted: I noted cracking, distortions, other in the surrounding wall surfaces.",MENU,,0,UNVERIFIED
02cc2d0ddd,E4,"However, due to the concealed nature of the structure behind the wall and the floor and ceiling finishes, I was unable to confirm whether adequate structural support has been provided.",MENU,,0,UNVERIFIED
d64404fde6,E4,You should instruct a suitably qualified structural engineer to carry out further investigation and advise on the adequacy of the structural alterations and any remedial works that may be required.,EXACT,{E_MAIN_WALLS}::{WALLLS_REMOVED_WALL_DEFECTS},100,DONE
bd023e9142,E4,Extensions and alterations: Evidence was noted that external alterations have been carried out to the property.,ADD,{E_MAIN_WALL_REPAIR}::{WALL_REPAIR_NEARBY_TREES},54,OPEN
cc51c01bac,E4,"These include wall removal, new openings, replacement lintels, structural alterations, building extension works, other alterations.",MENU,,0,UNVERIFIED
e23ef66b86,E4,Your legal adviser should confirm that all appropriate statutory approvals and completion certificates have been obtained where required.,ADD,{E_MAIN_WALL_REPAIR}::{WALL_TIE_REPAIR},62,OPEN
c51f756653,E4,"No Structural Movement: Although I did not observe any evidence of significant structural movement during my inspection, I cannot be categorical that none has occurred, as all buildings are subject to some degree of movement, such as normal settlement and seasonal thermal or moisture-related movement.",MENU,,0,UNVERIFIED
1ee19f05d5,E4,"It is also possible that evidence of movement, including cracks, may be concealed by floor coverings, decorations, fitted furniture, or other obstructions.",MENU,,0,UNVERIFIED
a345daa31d,E4,Normal defects: I noted no evidence of any significant recent or progressive structural movement within the property.,EXACT,{MAIN_WALL_MOVEMENTS_TYPE}::{MAIN_WALL_MOVEMENTS_TYPE_ALL_ELEVATIONS},100,DONE
816ef91738,E4,"However, there are signs that the property has experienced some historic movement, as evidenced by cracking to external and internal wall surfaces, at junctions and around openings.",MENU,,0,UNVERIFIED
299cf96a01,E4,"As far as could be observed, these cracks appear longstanding in nature, and there is no evidence to suggest significant ongoing movement.",MENU,,0,UNVERIFIED
14f0045514,E4,"No significant repairs are considered necessary at this time, although localised repairs and redecoration may be required as part of routine maintenance.",EXACT,{MAIN_WALL_MOVEMENTS_TYPE}::{MAIN_WALL_MOVEMENTS_TYPE_ALL_ELEVATIONS},100,DONE
7310cf22a2,E4,"Recent defects: The front, side, rear walls of the main building, back addition, extension, bay window, porch, other areas have been damaged by movement cracks potentially arising from settlement, subsidence, nearby vegetation, point loading, wall tie damage, other causes, and this is considered structurally significant.",MENU,,0,UNVERIFIED
eef249827d,E4,Movement within the property is considered serious and could worsen over time.,EXACT,{MAIN_WALL_MOVEMENTS_TYPE}::{MAIN_WALL_MOVEMENTS_TYPE_RECENT},100,DONE
fed5f557c4,E4,Parts of the property could become unstable.,EXACT,{MAIN_WALL_MOVEMENTS_TYPE}::{MAIN_WALL_MOVEMENTS_TYPE_RECENT},100,DONE
c983c23123,E4,You should instruct an appropriately qualified structural engineer to investigate the problem and recommend an appropriate scheme of repair.,EXACT,{MAIN_WALL_MOVEMENTS_TYPE}::{MAIN_WALL_MOVEMENTS_TYPE_RECENT},100,DONE
9c13544ae0,E4,"To carry out a proper investigation, it is likely that parts of the property will need to be opened or disturbed, and this should be discussed with the building owner.",MENU,,0,UNVERIFIED
7331fb2bd2,E4,"Evidence of previous structural movement, even where satisfactorily resolved, may affect the property's future mortgageability and saleability.",MENU,,0,UNVERIFIED
6be426cecc,E4,"Recurring defects: The outside wall(s) to the main building, back addition, extension, bay window, porch, other have been repaired, indicating that the building has been affected by previous movement.",MENU,,0,UNVERIFIED
ea2afe08dc,E4,"However, recent cracking suggests that movement may have recurred.",EXACT,{MAIN_WALL_MOVEMENTS_TYPE}::{MAIN_WALL_MOVEMENTS_TYPE_RECURRENT},100,DONE
52ef358527,E4,This may indicate that the previous repairs have not been fully effective.,EXACT,{MAIN_WALL_MOVEMENTS_TYPE}::{MAIN_WALL_MOVEMENTS_TYPE_RECURRENT},100,DONE
eed4779202,E4,"You should ask your legal adviser to establish whether any guarantees, warranties or insurance-backed schemes are available in relation to these repairs.",EXACT,{MAIN_WALL_MOVEMENTS_TYPE}::{MAIN_WALL_MOVEMENTS_TYPE_RECURRENT},100,DONE
6d6e746fbd,E4,"If satisfactory information cannot be obtained, you should instruct an appropriately qualified structural engineer to investigate the cause and extent of the movement and recommend an appropriate scheme of repair.",EXACT,{MAIN_WALL_MOVEMENTS_TYPE}::{MAIN_WALL_MOVEMENTS_TYPE_RECURRENT},100,DONE
7331fb2bd2,E4,"Evidence of previous structural movement, even where satisfactorily resolved, may affect the property's future mortgageability and saleability.",MENU,,0,UNVERIFIED
33eca0f929,E4,Differential Thermal Movement: Some of the observed cracking is consistent with differential thermal settlement or movement between the replacement windows and doors and the surrounding wall construction.,ADD,{E_MAIN_WALL_REPAIR}::{WALL_REPAIR_CAVITY_WALL_INSULATION},47,OPEN
e165abc35a,E4,"This occurs because the varied materials expand and contract at varying rates as temperatures change, resulting in minor cracking around openings.",ADD,{MAIN_WALL_MOVEMENTS_TYPE}::{MAIN_WALL_MOVEMENTS_TYPE_ALL_ELEVATIONS},49,OPEN
cdc1e7f63d,E4,The cracking appears longstanding and is not considered indicative of significant structural movement.,ADD,{MAIN_WALL_MOVEMENTS_TYPE}::{MAIN_WALL_MOVEMENTS_TYPE_ALL_ELEVATIONS},59,OPEN
9b7d642409,E4,Restraint steel rods: Lateral restraint steel rods have been installed to address previous structural movement.,ADD,{E_MAIN_WALLS}::{REMOVED_WALL_LOCATION},55,OPEN
3a7764863c,E4,"Based on my visual inspection, the installation appears longstanding, and I noted no evidence of recent or progressive movement associated with the areas inspected.",MENU,,0,UNVERIFIED
f6eeafccda,E4,"However, a visual inspection cannot confirm that all movement has permanently ceased.",ADD,{MAIN_WALL_MOVEMENTS_TYPE}::{MAIN_WALL_MOVEMENTS_TYPE_RECURRENT},54,OPEN
1de5fbe655,E4,"Where no recent cracks have been observed, this will indicate that the installation appears to be performing its intended function, although its adequacy cannot be confirmed without structural design information or intrusive investigation.",MENU,,0,UNVERIFIED
c45c21e3a9,E4,Trees: There are trees located close to the property.,TOKENISED,{E_MAIN_WALL_REPAIR}::{WALL_REPAIR_NEARBY_TREES},92,DONE
fc00163a2e,E4,I noted no obvious signs to suggest that they have caused significant damage to the property.,EXACT,{E_MAIN_WALL_REPAIR}::{WALL_REPAIR_NEARBY_TREES},100,DONE
9ff9442e6a,E4,"However, it would be prudent to implement a programme of management to control their future growth.",EXACT,{E_MAIN_WALL_REPAIR}::{WALL_REPAIR_NEARBY_TREES},100,DONE
ab68534c78,E4,"Trees can affect building foundations and below-ground services, particularly where shrinkable subsoils are present.",EXACT,{E_MAIN_WALL_REPAIR}::{WALL_REPAIR_NEARBY_TREES},100,DONE
55800793e6,E4,"Tree defects noted: There are trees located close to the property, and I noted defects that may be associated with their influence, including cracking, distortion, heave, other observed defects.",MENU,,0,UNVERIFIED
a45d998894,E4,"Although the cause cannot be confirmed during a visual inspection, further investigation by a suitably qualified structural engineer and, where appropriate, an arboriculturist is recommended to establish whether the trees are contributing to the observed defects and to advise on any necessary remedial works.",MENU,,0,UNVERIFIED
a7677e2935,E4,"Spalled Brickwork: A few bricks exhibit minor, moderate, significant deterioration (this is called spalling).",MENU,,0,UNVERIFIED
6fac91b629,E4,Damaged bricks should be replaced where deterioration is sufficient to affect the weather resistance of the wall.,EXACT,{WALL_SPALLING_REPAIR_WALLS}::{WALL_SPALLING_REPAIR_NOW},100,DONE
cf73d9cf38,E4,Causing damp: This is allowing damp to get into the building.,EXACT,{WALL_POINTING_REPAIR_LOCATION}::{WALL_POINTING_REPAIR_NOW},100,DONE
98f58b9782,E4,These should be repaired now.,EXACT,{F_BUILT_IN_FITTINGS}::{REPAIR_FITTING_NOW},100,DONE
6a6bd5701a,E4,"Repair pointing: The mortar between the bricks (known as the pointing) to parts of the building is eroded, cracked, loose, missing, damaged, other.",MENU,,0,UNVERIFIED
240eaf3ec2,E4,"The defective pointing should be renewed using a mortar appropriate to the age, type, and construction of the building.",MENU,,0,UNVERIFIED
01565f8f83,E4,"This may comprise lime-based mortar or Portland cement mortar, as appropriate.",EXACT,{WALL_POINTING_REPAIR_LOCATION}::{WALL_POINTING_REPAIR_NOW},100,DONE
b338c89a7d,E4,Weathered or defective pointing should be renewed as part of routine maintenance to help reduce water penetration and minimise further deterioration.,EXACT,{WALL_POINTING_REPAIR_LOCATION}::{WALL_POINTING_REPAIR_NOW},100,DONE
cf73d9cf38,E4,Causing damp: This is allowing damp to get into the building.,EXACT,{WALL_POINTING_REPAIR_LOCATION}::{WALL_POINTING_REPAIR_NOW},100,DONE
98f58b9782,E4,These should be repaired now.,EXACT,{F_BUILT_IN_FITTINGS}::{REPAIR_FITTING_NOW},100,DONE
321452439f,E4,"Repair render: Parts of the render coating to the building are cracked, eroded, loose, missing, damaged.",MENU,,0,UNVERIFIED
240eaf3ec2,E4,"The defective pointing should be renewed using a mortar appropriate to the age, type, and construction of the building.",MENU,,0,UNVERIFIED
01565f8f83,E4,"This may comprise lime-based mortar or Portland cement mortar, as appropriate.",EXACT,{WALL_POINTING_REPAIR_LOCATION}::{WALL_POINTING_REPAIR_NOW},100,DONE
b338c89a7d,E4,Weathered or defective pointing should be renewed as part of routine maintenance to help reduce water penetration and minimise further deterioration.,EXACT,{WALL_POINTING_REPAIR_LOCATION}::{WALL_POINTING_REPAIR_NOW},100,DONE
6e56588370,E4,Hazard: Rendering pieces are likely to fall and cause harm to people who may be nearby.,EXACT,{WALL_RENDER_REPAIR_NOW}::{WALL_RENDER_REPAIR_NOW_HAZARD},100,DONE
4bf0954f91,E4,"This is a hazard, and this repair should be carried out urgently.",EXACT,{WALL_RENDER_REPAIR_NOW}::{WALL_RENDER_REPAIR_NOW_HAZARD},100,DONE
cf73d9cf38,E4,Causing damp: This is allowing damp to get into the building.,EXACT,{WALL_POINTING_REPAIR_LOCATION}::{WALL_POINTING_REPAIR_NOW},100,DONE
98f58b9782,E4,These should be repaired now.,EXACT,{F_BUILT_IN_FITTINGS}::{REPAIR_FITTING_NOW},100,DONE
b72af536fd,E4,Wall Ties defects: Parts of the walls to the side of the property show evidence of previous cavity wall tie repairs.,TOKENISED,{E_MAIN_WALL_REPAIR}::{WALL_TIE_REPAIR},97,DONE
bddbb471df,E4,"No further repairs appear necessary based on my visual inspection, and the property should be maintained in the normal way.",EXACT,{E_MAIN_WALL_REPAIR}::{WALL_TIE_REPAIR},100,DONE
2b562fcf1b,E4,"You should ask your legal adviser to confirm whether any guarantees, warranties or completion certificates are available for these works.",EXACT,{E_MAIN_WALL_REPAIR}::{WALL_TIE_REPAIR},100,DONE
b81f95e1ff,E4,"If satisfactory documentation is not available, you should instruct a suitably qualified specialist to inspect the walls and confirm that the repairs remain satisfactory.",EXACT,{E_MAIN_WALL_REPAIR}::{WALL_TIE_REPAIR},100,DONE
e882a19b50,E4,Repair defect: Some signs may be consistent with defective cavity wall ties.,ADD,{E_MAIN_WALL_REPAIR}::{WALL_TIE_REPAIR},50,OPEN
f9acb7cbbe,E4,Defective wall ties can affect the stability of cavity walls if left untreated.,ADD,{E_MAIN_WALL_REPAIR}::{WALL_TIE_REPAIR},51,OPEN
5b257fe331,E4,"You should instruct a suitably qualified specialist to conduct a detailed inspection, confirm the condition of the wall ties, and recommend any necessary remedial works.",MENU,,0,UNVERIFIED
842a63f402,E4,"Your legal adviser should also establish whether any guarantees or warranties are available in relation to previous repairs, if applicable.",FIX,{MAIN_WALL_MOVEMENTS_TYPE}::{MAIN_WALL_MOVEMENTS_TYPE_RECURRENT},72,OPEN
d66443899f,E4,"Lintel defect: The lintel (the beam supporting the masonry above a door or window opening), including a brick arch where applicable, in the front, side, rear, other wall of the main building, back addition, extension, bay window, other is damaged, cracked, or distorted.",MENU,,0,UNVERIFIED
25b9c9e82f,E4,Minor defects: The defects observed are limited and do not require significant repair.,ADD,{WALLS_DAMP_TYPE_PRESENT}::{WALLS_DAMP_TYPE_PRESENT_PENETRATING},51,OPEN
e6da6850c8,E4,"Where appropriate, cracks should be filled, defective pointing repaired, and any localised defects made good to help restore the integrity of the lintel or brick arch.",MENU,,0,UNVERIFIED
dc7fa2bb78,E4,Repairs should be carried out in the near future to prevent further deterioration.,ADD,{WALL_POINTING_REPAIR_LOCATION}::{WALL_POINTING_REPAIR_NOW},55,OPEN
730489ed64,E4,"Significant defect: The defects observed are significant and have caused, or are likely to cause, movement or damage to the adjoining masonry.",MENU,,0,UNVERIFIED
d82d0ab73c,E4,Further investigation by a suitably qualified contractor is recommended.,ADD,{WALLS_DAMP_TYPE_PRESENT}::{WALLS_DAMP_TYPE_PRESENT_INSTALL_FRENCH_GUTTERS},51,OPEN
adac634ba1,E4,"Repairs may include repairing or replacing the lintel or rebuilding the brick arch, together with making good the surrounding masonry.",ADD,{E_MAIN_WALL_REPAIR}::{WALL_REPAIR_CAVITY_WALL_INSULATION},47,OPEN
7442af5ce0,E4,The extent of the work required may increase once the lintel has been exposed.,ADD,{E_MAIN_WALL_REPAIR}::{WALL_FINISHES_TYPE_PAINTED},58,OPEN
2918271587,E4,"Add text to: Section J1 - Risk to Building - One or more small beams that span across the top of the window or door opening, including brick arch (called a lintel), is damaged, cracked, distorted.",MENU,,0,UNVERIFIED
33e1d22cc9,E4,"Windowsill defect: The windowsill(s) to the front, side, rear, other wall of the main building, back addition, extension, bay window, other is damaged, rotten, cracked, distorted, other.",MENU,,0,UNVERIFIED
e560132df1,E4,Minor Defect: Localised defects were observed.,ADD,{E_MAIN_WALL_REPAIR}::{WALL_LINTEL_REPAIR_NOW},44,OPEN
490c4b8502,E4,Repairs should be carried out to prevent further deterioration and maintain effective weather protection.,ADD,{WALL_SPALLING_REPAIR_WALLS}::{WALL_SPALLING_REPAIR_NOW},57,OPEN
90f0fd0480,E4,Significant Defect: The windowsill(s) is significantly damaged or defective and may be allowing water penetration into the building.,ADD,{WALL_POINTING_REPAIR_LOCATION}::{WALL_POINTING_REPAIR_NOW},52,OPEN
404019333c,E4,Prompt repair or replacement by a suitably qualified contractor is recommended.,ADD,{WALLS_DAMP_TYPE_PRESENT}::{WALLS_DAMP_TYPE_PRESENT_INSTALL_FRENCH_GUTTERS},49,OPEN
53f885800f,E4,Associated repairs to the surrounding masonry or window frame may also be required.,ADD,{E_MAIN_WALL_REPAIR}::{WALL_LINTEL_REPAIR_NOW},50,OPEN
09c0881c41,E4,General Maintenance: External walls should be inspected periodically as part of routine maintenance.,ADD,{E_MAIN_WALLS}::{STANDARD_TEXT},61,OPEN
cc4f587329,E4,"Prompt repair of defective pointing, render, sealants, and isolated masonry defects will assist in maintaining the weather resistance and structural integrity of the building.",MENU,,0,UNVERIFIED
7187e4907b,E4,"If the Property is a Flat, add this.",MENU,,0,UNVERIFIED
3ab66b2b27,E4,You should ask the management company whether any repairs to the external walls have been carried out previously or are currently proposed.,ADD,{E_MAIN_WALL_REPAIR}::{WALL_TIE_REPAIR},51,OPEN
6406ebc7e1,E4,"Your legal adviser should confirm responsibility for repairs to the external walls with the management company and ensure that an adequate sinking or reserve fund is in place to meet the cost of future repairs or replacement, should the need arise.",ADD,{WALLS_DAMP_TYPE_PRESENT}::{WALLS_DAMP_TYPE_PRESENT_PENETRATING},48,OPEN
c4a5d7bcea,E4,This may help reduce the risk of unexpected repair costs or increases in the service charge.,EXACT,{E_CHIMNEY_REPAIR_DEFAULT_TEXT}::{DEFAULT_TEXT_FLAT},100,DONE
2000ff5e12,E5,Not every part of the windows was inspected in detail.,FIX,{E_WINDOWS}::{WINDOWS_STANDARD_TEXT},98,OPEN
c09008b3f8,E5,The inspection was limited to those parts that were readily accessible without causing damage or moving furnishings.,EXACT,{E_OUTSIDE_DOORS}::{STANDARD_TEXT},100,DONE
e89b2ed8cc,E5,Only a representative sample of accessible windows was opened and closed during the inspection.,FIX,{E_OUTSIDE_DOORS}::{STANDARD_TEXT},97,OPEN
018435007f,E5,"Windows obscured by curtains, blinds, shutters, furniture, stored items, or fitted security devices could not be fully inspected.",MENU,,0,UNVERIFIED
6b5f0611b0,E5,Double-glazed units cannot be assessed for thermal performance during a visual inspection.,ADD,{E_OUTSIDE_DOORS}::{STANDARD_TEXT},52,OPEN
a526050f5b,E5,"Description: The windows are formed of replacement, original, old, PVCu, timber, old style timber sash, modern PVC sash, modern timber sash, aluminium, composite, other framed units.",MENU,,0,UNVERIFIED
fa6cc7cd82,E5,"Glazing: The glazing comprises single glazing, double glazing, triple glazing, secondary glazing, decorative glazing, other.",MENU,,0,UNVERIFIED
2c277561d3,E5,"No BS EN: No visible British Standard, BS EN, or other permanent safety markings were identified on the accessible glazing.",MENU,,0,UNVERIFIED
c752750c88,E5,The absence of visible markings does not necessarily indicate that safety glazing has not been installed.,EXACT,{E_CONSERVATORY_PORCHES}::{CP_SAFETY_GLASS_RATING_NO_SG_RATING},100,DONE
883968ba53,E5,"Where confirmation is required, your legal adviser should verify any available certification relating to replacement windows.",EXACT,{WINDOWS_SAFETY_GLASS_RATING_STATUS}::{WINDOWS_SAFETY_GLASS_RATING_STATUS_NOTED},100,DONE
e32d884b45,E5,"BS EN noted: Visible British Standard, BS EN, or other permanent safety markings were identified on the accessible glazing.",MENU,,0,UNVERIFIED
9687bc4a30,E5,The presence of visible markings indicates that safety glazing has been installed.,EXACT,{E_CONSERVATORY_PORCHES}::{CP_SAFETY_GLASS_RATING_NOTED},100,DONE
883968ba53,E5,"Where confirmation is required, your legal adviser should verify any available certification relating to replacement windows.",EXACT,{WINDOWS_SAFETY_GLASS_RATING_STATUS}::{WINDOWS_SAFETY_GLASS_RATING_STATUS_NOTED},100,DONE
4bf4ec55e8,E5,"Condition: Where visible and operated during the inspection, the windows appear in good, reasonable, fair, poor, very poor condition, consistent with their age and type.",MENU,,0,UNVERIFIED
b06c220d4f,E5,No defects noted: No significant defects requiring immediate attention were identified unless otherwise stated below.,EXACT,{E_CHIMNEY_MULTI_STACK}::{CONDITION},100,DONE
c9c2d74cdb,E5,Routine maintenance appropriate to the age of window material should be expected.,EXACT,{E_WINDOWS}::{WINDOWS_CONDITION},100,DONE
84c9859b1e,E5,"If very poor is selected, add this: Windows that are in poor condition or in disrepair will require comprehensive repair.",EXACT,{E_WINDOWS_REPAIR}::{WINDOWS_DEFECT_IF_IN_DISREPAIR},100,DONE
a0f072b81c,E5,"In some cases, it may be more economical to replace the windows entirely.",EXACT,{E_WINDOWS_REPAIR}::{WINDOWS_DEFECT_IF_IN_DISREPAIR},100,DONE
7e8f9a6914,E5,"This work should be done under an appropriate FENSA, CERTASS, or Building Regulation approval scheme where applicable.",MENU,,0,UNVERIFIED
8666ab823e,E5,Applicable guarantees or warranties should be obtained.,EXACT,{E_CONSERVATORY_PORCHES}::{CP_DEFECT_IF_IN_DISREPAIR},100,DONE
95a03d8af8,E5,"If replacement window is selected, add this: The windows appear to have been fully replaced or partially replaced.",EXACT,{E_WINDOWS}::{WINDOWS_SAFETY_GLASS_RATING_IF_REPLACEMENT},100,DONE
c72e03a8f8,E5,"Where replacement windows have been installed, your legal adviser should confirm that the installation was carried out under an appropriate FENSA, CERTASS, or Building Regulation approval scheme where applicable.",MENU,,0,UNVERIFIED
908be9d916,E5,Any available guarantees or warranties should also be obtained.,EXACT,{E_OUTSIDE_DOORS}::{IF_REPLACEMENT},100,DONE
4d0c644174,E5,"If old-style timber sash is selected, add this: Double-hung sash windows are expensive to maintain and tend to be ill-fitting and allow heat loss.",EXACT,{E_WINDOWS}::{WINDOWS_SAFETY_GLASS_RATING_IF_OLD_STYLE_TIMBER_SASH},100,DONE
f796181b33,E5,"From time to time, it is important to employ a joiner to inspect the sash windows, check the cords, and ease them before redecoration.",MENU,,0,UNVERIFIED
fa564e10ed,E5,This is best done in conjunction with the redecoration cycle.,EXACT,{E_WINDOWS}::{WINDOWS_SAFETY_GLASS_RATING_IF_OLD_STYLE_TIMBER_SASH},100,DONE
7d5710adbe,E5,"Glazing seals: The external sealant around the window frames appears in good, reasonable, fair, poor, very poor condition.",MENU,,0,UNVERIFIED
61e81feb3b,E5,Defective sealant should be renewed to reduce the risk of water penetration.,EXACT,{E_OUTSIDE_DOORS}::{WALL_SEALING},100,DONE
8f9ba62e75,E5,"Sill projection: Externally, the windowsills beyond the face of the walls appear to project adequately beyond the face of the walls.",EXACT,{E_WINDOWS}::{WINDOW_SILL_PROJECTION},100,DONE
5a6ee063a1,E5,"The junctions between the window frames and the surrounding wall openings appear to be properly, fairly, poorly sealed.",MENU,,0,UNVERIFIED
4fc0f19e36,E5,These seals should be inspected regularly for cracking and repaired as necessary to prevent water ingress.,EXACT,{E_WINDOWS}::{WINDOW_SILL_PROJECTION},100,DONE
d47153964b,E5,"Sill defect: The windowsill projection beyond the face of the wall does not appear to be adequate, properly installed, properly drained, cracked, defective.",MENU,,0,UNVERIFIED
7d9264e002,E5,This is allowing water ingress to adjoining walls and may be causing dampness.,EXACT,{E_WINDOWS}::{WINDOW_SILL_DEFECT},100,DONE
2428d4a144,E5,You should promptly arrange for further investigation and repair by a qualified professional to prevent further damage.,EXACT,{E_WINDOWS}::{WINDOW_SILL_DEFECT},100,DONE
c0fabc1e6f,E5,"Repair windows: The window(s) in the lounge, dining room, bedroom, kitchen, other, have damaged lock(s), have missing lock(s), are difficult to open, are badly worn, are rotten, have broken glass, have failed glazing, are in disrepair, are severely damaged, present a safety or security risk, have other defects.",MENU,,0,UNVERIFIED
e0fed389c6,E5,"Where the defects are minor and do not present a safety or security risk, repairs should be carried out soon to prevent further deterioration.",ADD,{E_WINDOWS_REPAIR}::{CONDITION_RATING_2},71,OPEN
06441ede85,E5,"Where the defects affect the weather-tightness, security, or safe operation of the windows, repairs should be undertaken without delay.",MENU,,0,UNVERIFIED
3c88a1d881,E5,Severely damaged windows should be repaired or replaced immediately.,FIX,{E_WINDOWS_REPAIR}::{WINDOWS_DEFECT_IF_IN_DISREPAIR},74,OPEN
fbd214178e,E5,"Roof Velux Windows: Type: The property incorporates roof windows, roof skylights, Velux roof windows, other.",MENU,,0,UNVERIFIED
a995b40832,E5,"These are formed in timber, PVCu, aluminium, other construction with double, triple glazing.",MENU,,0,UNVERIFIED
55acdd2703,E5,"Condition: Where visible, they appear in good, reasonable, fair, poor, very poor condition.",MENU,,0,UNVERIFIED
164636b293,E5,"Windowsills: The windowsills are formed in PVCu, timber, brick, tiles, concrete, other material.",MENU,,0,UNVERIFIED
55acdd2703,E5,"Condition: Where visible, they appear in good, reasonable, fair, poor, very poor condition.",MENU,,0,UNVERIFIED
6d337d4279,E5,Repairs should be undertaken where deterioration is sufficient to affect weather resistance.,ADD,{E_CONSERVATORY_PORCHES}::{MAIN_BUILDING_JUNCTIONS_DEFECTS},66,OPEN
530e26513b,E5,"Operation: The windows selected for operation opened and closed freely, with minor with resistance, with difficulty.",MENU,,0,UNVERIFIED
9615dd2218,E5,Windows should be inspected and maintained regularly.,ADD,{E_OUTSIDE_DOORS}::{PATIO_FRENCH_DOORS_NOTE},62,OPEN
b5f6ebaa83,E5,"Moving parts, hinges, locks, and drainage channels should be cleaned, lubricated, and adjusted where necessary.",MENU,,0,UNVERIFIED
ce5cea8cbc,E5,Timber windows should be redecorated periodically to maintain protection against weathering.,ADD,{E_WINDOWS}::{NOT_INSPECTED},54,OPEN
bf968094ed,E5,Sealants should be inspected and renewed where deterioration becomes evident.,ADD,{E_OUTSIDE_DOORS}::{WALL_SEALING},56,OPEN
b72c4bb38b,E5,Defective Operation One or more windows were found to: • stick during operation • fail to close correctly • fail to lock securely • require adjustment • have damaged hinges • have defective handles • have defective locking mechanisms Repairs or adjustment should be undertaken to maintain security and weather resistance.,ADD,{E_WINDOWS}::{WINDOWS_STANDARD_TEXT},40,OPEN
829f547424,E5,"Failed Glazed Units: One or more double-glazed units exhibit internal condensation, misting, failed seals.",MENU,,0,UNVERIFIED
eaec551dec,E5,"Although this does not usually affect structural performance, replacement of the affected glazing units should be anticipated.",EXACT,{E_WINDOWS_REPAIR}::{WINDOWS_REPAIR_FAILED_GLAZING_LOCATION},100,DONE
c245eea5f1,E5,"Damaged Glazing: One or more panes are cracked, broken, chipped, damaged.",MENU,,0,UNVERIFIED
d5e834fc4d,E5,"Damaged glazing should be replaced to maintain safety, security, and weather resistance.",MENU,,0,UNVERIFIED
fe6f55b546,E5,"Hazard: One or more panes are damaged, and this presents a health and safety hazard.",ADD,{E_WINDOWS_REPAIR}::{WINDOWS_REPAIR_NO_FIRE_ESCAPE_RISK},52,OPEN
f9cb576084,E5,The damage should be promptly repaired by a qualified professional.,ADD,{E_WINDOWS}::{WINDOW_SILL_DEFECT},56,OPEN
5c18489577,E5,"Timber Windows: Where timber windows are present, localised weathering, paint deterioration, minor decay, other issues may occur as part of their normal service life.",MENU,,0,UNVERIFIED
6b81e89e26,E5,Regular decoration and maintenance should be undertaken to prolong their lifespan.,EXACT,{E_OUTSIDE_DOORS}::{TIMBER_DOORS_NOTE},100,DONE
6897237343,E5,Condensation: Some condensation was noted on the glazing at the time of inspection.,ADD,{E_CONSERVATORY_PORCHES}::{LOCATION_CONSTRUCTION},54,OPEN
3731c4eb2b,E5,"Condensation is influenced by occupancy, heating and ventilation and does not necessarily indicate a defect with the windows.",ADD,{E_CONSERVATORY_PORCHES}::{CP_SAFETY_GLASS_RATING_NO_SG_RATING},55,OPEN
f2c01529b6,E5,Fire Trap Risk: The design of the window(s) does not provide a suitable means of escape in the event of a fire.,TOKENISED,{E_WINDOWS_REPAIR}::{WINDOWS_REPAIR_NO_FIRE_ESCAPE_RISK},95,DONE
0349653ab9,E5,"The affected window(s) in the lounge, dining room, bedroom, study, other room have no opening, a small opening, creating a potential safety hazard.",MENU,,0,UNVERIFIED
61e1023b92,E5,"To reduce this hazard, you should seek advice from an appropriately qualified person regarding suitable remedial measures.",EXACT,{E_WINDOWS_REPAIR}::{WINDOWS_REPAIR_NO_FIRE_ESCAPE_RISK},100,DONE
7de143fff0,E5,Add text to: Section J3 Risk to people - The design of one or more windows does not provide a suitable means of escape for occupants in the event of a fire.,TOKENISED,{E_WINDOWS_REPAIR}::{WINDOWS_REPAIR_NO_FIRE_ESCAPE_RISK},83,DONE
64a0d6b461,E6,Only a representative sample of accessible doors was opened and closed during the inspection.,EXACT,{E_OUTSIDE_DOORS}::{STANDARD_TEXT},100,DONE
038199f817,E6,"Doors obstructed by security devices, stored items, furniture, or other restrictions could not be fully inspected.",MENU,,0,UNVERIFIED
ccdacaf396,E6,"The operation and performance of locks, alarms and security systems were not assessed.",EXACT,{E_OUTSIDE_DOORS}::{STANDARD_TEXT},100,DONE
8e8dbd3a62,E6,Not every part of the external doors was inspected in detail.,EXACT,{E_OUTSIDE_DOORS}::{STANDARD_TEXT},100,DONE
0b767179a4,E6,The inspection was limited to those parts that were readily accessible without causing damage or moving furnishings.,EXACT,{E_OUTSIDE_DOORS}::{STANDARD_TEXT},100,DONE
eaa726c31b,E6,"Description: The property incorporates replacement, original, old, front, rear, side, patio, French, bi-fold, other doors.",MENU,,0,UNVERIFIED
acd8eb5a95,E6,"The external doors are formed of timber, PVCu, composite, aluminium, steel, other material.",MENU,,0,UNVERIFIED
9bc2be547b,E6,"Glazing: The glazed sections comprise single glazing, double glazing, triple glazing, decorative glazing, other.",MENU,,0,UNVERIFIED
d93549dc6f,E6,The presence of safety glazing cannot be confirmed by visual inspection unless permanently marked.,EXACT,{E_OUTSIDE_DOORS}::{DOOR_GLAZING},100,DONE
72d0f17d63,E6,"No BS EN noted: No visible British Standard, BS EN, or other permanent safety markings were identified on the accessible glazing.",MENU,,0,UNVERIFIED
8da4a6885d,E6,The absence of visible markings does not necessarily indicate that safety glazing has not been installed.,EXACT,{E_CONSERVATORY_PORCHES}::{CP_SAFETY_GLASS_RATING_NO_SG_RATING},100,DONE
02e3810ae9,E6,"Where confirmation is required, your legal adviser should verify any available certification relating to replacement windows.",EXACT,{WINDOWS_SAFETY_GLASS_RATING_STATUS}::{WINDOWS_SAFETY_GLASS_RATING_STATUS_NOTED},100,DONE
2cf4d089e1,E6,"BS EN noted: Visible British Standard, BS EN, or other permanent safety markings were identified on the accessible glazing.",MENU,,0,UNVERIFIED
80ee6e0447,E6,The presence of visible markings indicates that safety glazing has been installed.,EXACT,{E_CONSERVATORY_PORCHES}::{CP_SAFETY_GLASS_RATING_NOTED},100,DONE
02e3810ae9,E6,"Where confirmation is required, your legal adviser should verify any available certification relating to replacement windows.",EXACT,{WINDOWS_SAFETY_GLASS_RATING_STATUS}::{WINDOWS_SAFETY_GLASS_RATING_STATUS_NOTED},100,DONE
170e3dd974,E6,"Condition: Where visible and operated during the inspection, the doors appear in good, reasonable, fair, poor, very poor condition, consistent with their age and type.",MENU,,0,UNVERIFIED
1015d63015,E6,No defects noted: No significant defects requiring immediate attention were identified unless otherwise stated below.,EXACT,{E_CHIMNEY_MULTI_STACK}::{CONDITION},100,DONE
abf3231871,E6,Routine maintenance appropriate to the door material should be expected.,EXACT,{E_OUTSIDE_DOORS}::{DOOR_CONDITION},100,DONE
a266a5e3dc,E6,"If very poor is selected, add this: Doors that are in poor condition or in disrepair will require comprehensive repair.",EXACT,{E_OUTSIDE_DOORS}::{DOORS_DEFECT_IF_IN_DISREPAIR},100,DONE
1aa0418a9c,E6,"In some cases, it may be more economical to replace the doors entirely.",EXACT,{E_OUTSIDE_DOORS}::{DOORS_DEFECT_IF_IN_DISREPAIR},100,DONE
40ba31a2f9,E6,"This work should be done under an appropriate FENSA, CERTASS, or Building Regulation approval scheme where applicable.",MENU,,0,UNVERIFIED
069377096e,E6,Applicable guarantees or warranties should be obtained.,EXACT,{E_CONSERVATORY_PORCHES}::{CP_DEFECT_IF_IN_DISREPAIR},100,DONE
0a7aad4a9e,E6,"If replacement door is selected, add this: The doors appear to have been fully replaced or partially replaced.",EXACT,{E_OUTSIDE_DOORS}::{IF_REPLACEMENT},100,DONE
c7f77c79e0,E6,"Where replacement doors have been installed, your legal adviser should confirm that the installation was carried out under an appropriate FENSA, CERTASS, or Building Regulation approval scheme where applicable.",MENU,,0,UNVERIFIED
467bb0e381,E6,Any available guarantees or warranties should also be obtained.,EXACT,{E_OUTSIDE_DOORS}::{IF_REPLACEMENT},100,DONE
e6cfdeaa21,E6,"Glazing seals: The external sealant around the door frames appears in good, reasonable, fair, poor, very poor condition.",MENU,,0,UNVERIFIED
c3319631e6,E6,Defective sealant should be renewed to reduce the risk of water penetration.,EXACT,{E_OUTSIDE_DOORS}::{WALL_SEALING},100,DONE
70c6f70162,E6,"Repair doors: The door(s) in the lounge, dining room, bedroom, kitchen, other, have damaged lock(s), have missing lock(s), are difficult to open, are badly worn, are rotten, have broken glass, have failed glazing, are in disrepair, are severely damaged, present a safety or security risk, have other defects.",MENU,,0,UNVERIFIED
8af274db27,E6,"Where the defects are minor and do not present a safety or security risk, repairs should be carried out soon to prevent further deterioration.",ADD,{E_OUTSIDE_DOORS}::{INADEQUATE_LOCK_SELECTED},49,OPEN
465a6c98dd,E6,"Where the defects affect the weather-tightness, security, or safe operation of the doors, repairs should be undertaken without delay.",MENU,,0,UNVERIFIED
d2cbb0cd9f,E6,Severely damaged doors should be repaired or replaced immediately.,FIX,{E_OUTSIDE_DOORS}::{DOORS_DEFECT_IF_IN_DISREPAIR},73,OPEN
8263c49218,E6,"Thresholds: The door thresholds appear in good, reasonable, fair, poor, very poor condition.",MENU,,0,UNVERIFIED
11b7ceb2a0,E6,Minor wear is consistent with normal use.,ADD,{E_OUTSIDE_DOORS}::{DOOR_CONDITION},42,OPEN
e93cd6e1ef,E6,Defective thresholds should be repaired where deterioration affects weather resistance or safe operation.,ADD,{E_OUTSIDE_DOORS}::{WALL_SEALING},63,OPEN
799e3ab030,E6,"Operation: The doors selected for operation opened and closed freely, with resistance, with difficulty.",MENU,,0,UNVERIFIED
4041c8688b,E6,Doors should be inspected and maintained regularly.,ADD,{E_OUTSIDE_DOORS}::{PATIO_FRENCH_DOORS_NOTE},60,OPEN
9c7b9def04,E6,"Moving parts, hinges, locks, and drainage channels should be cleaned, lubricated, and adjusted where necessary.",MENU,,0,UNVERIFIED
a243f3f367,E6,Timber doors should be redecorated periodically to maintain protection against weathering.,ADD,{E_OUTSIDE_DOORS}::{INADEQUATE_LOCK_SELECTED},51,OPEN
1a7e89ae92,E6,Sealants should be inspected and renewed where deterioration becomes evident.,ADD,{E_OUTSIDE_DOORS}::{WALL_SEALING},56,OPEN
40a13daf06,E6,"Security: The doors are fitted with multi-point locking, mortice locks, cylinder locks, night latches, combination of locking systems.",MENU,,0,UNVERIFIED
8ed7c23e9b,E6,"The level of security appears reasonable, adequate, inadequate based upon a visual inspection only.",MENU,,0,UNVERIFIED
2ed6a09f23,E6,The effectiveness of locks and security devices has not been evaluated.,EXACT,{E_OUTSIDE_DOORS}::{WALL_SEALING},100,DONE
4fe7835679,E6,"Inadequate Lock: The locking arrangements to the main, rear, side, patio, sliding patio doors, French doors, or bi-fold doors, other door(s), do not meet current security standards and present a security risk.",MENU,,0,UNVERIFIED
aa4b8bf879,E6,The locks should be upgraded at the earliest opportunity to improve the security of the property.,EXACT,{E_OUTSIDE_DOORS}::{INADEQUATE_LOCK_SELECTED},100,DONE
22e6425497,E6,"Defective Operation One or more external doors were found to: • stick during operation • fail to close correctly • require adjustment • have damaged hinges • have defective handles • have defective locking mechanisms • be distorted • have localised decay • have damaged frames Repairs or adjustment should be undertaken to maintain security, weather resistance, and ease of operation.",MENU,,0,UNVERIFIED
5ea4ac6ce0,E6,"Timber Doors: Where timber external doors are present, localised weathering, paint deterioration, surface splitting, minor decay may occur as part of their normal service life.",MENU,,0,UNVERIFIED
1f77090411,E6,Regular decoration and maintenance should be undertaken to prolong their lifespan.,EXACT,{E_OUTSIDE_DOORS}::{TIMBER_DOORS_NOTE},100,DONE
0a47eb5440,E6,"Patio and French Doors: The property incorporates sliding patio doors, French doors, bi-fold doors, other similar doors.",MENU,,0,UNVERIFIED
9e187c08d1,E6,"The running gear, hinges and locking mechanisms should be inspected and maintained periodically.",EXACT,{E_OUTSIDE_DOORS}::{PATIO_FRENCH_DOORS_NOTE},100,DONE
b0227e39d3,E6,General Maintenance: External doors should be inspected and maintained regularly.,ADD,{E_OUTSIDE_DOORS}::{PATIO_FRENCH_DOORS_NOTE},64,OPEN
d7754938e2,E6,"Moving parts, hinges, locks, handles, and seals should be cleaned, lubricated, and adjusted where necessary.",MENU,,0,UNVERIFIED
a243f3f367,E6,Timber doors should be redecorated periodically to maintain protection against weathering.,ADD,{E_OUTSIDE_DOORS}::{INADEQUATE_LOCK_SELECTED},51,OPEN
1cef5b3463,E6,Flexible sealants should be inspected and renewed where deterioration becomes evident.,ADD,{E_OUTSIDE_DOORS}::{WALL_SEALING},59,OPEN
6f1e83ec96,E7,Not Applicable: The property does not incorporate the element(s) referred to in this section.,EXACT,{E_CS_CHIMNEY_INSPECTION_STATUS}::{NOT_APPLICABLE},100,DONE
1b49094a40,E7,No further comments are necessary.,EXACT,{E_CS_CHIMNEY_INSPECTION_STATUS}::{NOT_APPLICABLE},100,DONE
068020f5cc,E7,"This section applies where the property incorporates a conservatory, porch, entrance lobby, sunroom, other similar structures.",MENU,,0,UNVERIFIED
1e09e3bfb6,E7,"Where no conservatory or porch is present, this section is not applicable.",EXACT,{E_CONSERVATORY_PORCHES}::{STANDARD_TEXT},100,DONE
0bcf4fe1a3,E7,"Conservatory: The conservatory(s) is located to the front, side, rear, other of the building.",MENU,,0,UNVERIFIED
a733e1e8c4,E7,"The walls comprise single-glazed, double-glazed, triple-glazed, PVC framed, timber framed, aluminium framed, steel framed, other wall sections.",MENU,,0,UNVERIFIED
9a678b16cf,E7,"Roof: The roof is formed in glass, polycarbonate sheets, solid insulated panels, roofing tiles, other materials.",MENU,,0,UNVERIFIED
3a113c4806,E7,"Doors and Windows: The conservatory comprises single-glazed, double-glazed, triple-glazed, PVC, timber, aluminium, steel-framed door(s), and window(s).",MENU,,0,UNVERIFIED
7af427800f,E7,"Floor: The floor is of solid concrete, suspended timber, other construction, and the floor is covered with timber, carpet, tiles, laminated flooring, vinyl, other covering(s).",MENU,,0,UNVERIFIED
4a0a150ed9,E7,"No BS EN noted: No visible British Standard, BS EN, or other permanent safety markings were identified on the accessible glazing.",MENU,,0,UNVERIFIED
6a399d2047,E7,The absence of visible markings does not necessarily indicate that safety glazing has not been installed.,EXACT,{E_CONSERVATORY_PORCHES}::{CP_SAFETY_GLASS_RATING_NO_SG_RATING},100,DONE
1a660bc0a1,E7,"Where confirmation is required, your legal adviser should verify any available certification relating to replacement windows.",EXACT,{WINDOWS_SAFETY_GLASS_RATING_STATUS}::{WINDOWS_SAFETY_GLASS_RATING_STATUS_NOTED},100,DONE
dcd0c7bd51,E7,"BS EN noted: Visible British Standard, BS EN, or other permanent safety markings were identified on the accessible glazing.",MENU,,0,UNVERIFIED
03522b3f3f,E7,The presence of visible markings indicates that safety glazing has been installed.,EXACT,{E_CONSERVATORY_PORCHES}::{CP_SAFETY_GLASS_RATING_NOTED},100,DONE
1a660bc0a1,E7,"Where confirmation is required, your legal adviser should verify any available certification relating to replacement windows.",EXACT,{WINDOWS_SAFETY_GLASS_RATING_STATUS}::{WINDOWS_SAFETY_GLASS_RATING_STATUS_NOTED},100,DONE
9e7a7d495d,E7,"Condition: Where visible and operated during the inspection, the doors appear in good, reasonable, fair, poor, very poor condition, consistent with their age and type.",MENU,,0,UNVERIFIED
5609d069d0,E7,Conservatories require routine maintenance appropriate to their age and construction.,ADD,{E_CONSERVATORY_PORCHES}::{PORCH_CONDITION},62,OPEN
762dfb518d,E7,"Glazing, roof coverings, sealants, rainwater goods, and external decorations should be inspected periodically and repaired where necessary to maintain weather resistance and serviceability.",MENU,,0,UNVERIFIED
7e49dd84fb,E7,No defects noted: No significant defects requiring immediate attention were identified unless otherwise stated below.,EXACT,{E_CHIMNEY_MULTI_STACK}::{CONDITION},100,DONE
8f47c5a91e,E7,Routine maintenance appropriate to the conservatory material should be expected.,EXACT,{E_CONSERVATORY_PORCHES}::{CP_CONDITION},100,DONE
a029db939f,E7,"If very poor condition is selected, add this: Conservatories that are in poor condition or in disrepair will require comprehensive repair.",FIX,{E_CONSERVATORY_PORCHES}::{CP_DEFECT_IF_IN_DISREPAIR},94,OPEN
747fd29896,E7,"In some cases, it may be more economical to replace the doors entirely.",EXACT,{E_OUTSIDE_DOORS}::{DOORS_DEFECT_IF_IN_DISREPAIR},100,DONE
5645f69356,E7,"This work should be done under an appropriate FENSA, CERTASS, or Building Regulation approval scheme where applicable.",MENU,,0,UNVERIFIED
5b622ae97d,E7,Applicable guarantees or warranties should be obtained.,EXACT,{E_CONSERVATORY_PORCHES}::{CP_DEFECT_IF_IN_DISREPAIR},100,DONE
13a0c35a52,E7,"Repair conservatory: The conservatory door(s), window(s), glazing, roof, floor, wall(s), rainwater goods, other are cracked, damaged, rotten, leaking, damp, have failed, are misted, present a safety hazard, other.",MENU,,0,UNVERIFIED
c12b2192d9,E7,These defects should be repaired in the near future.,FIX,{E_CONSERVATORY_PORCHES}::{CP_REPAIR_NOW},81,OPEN
ea2709f242,E7,"However, where the defects are severe or extensive, repairs should be carried out immediately.",MENU,,0,UNVERIFIED
9259316bbc,E7,"Unstable Structure: Evidence of movement, distortion, or deflection was observed.",MENU,,0,UNVERIFIED
9c63f8c78f,E7,Further investigation by an appropriately qualified contractor is recommended where structural movement appears significant.,ADD,{E_CONSERVATORY_PORCHES}::{CP_CONDITION},48,OPEN
9bafb801e4,E7,Building Joint Defects: Defects were noted to the junction between the conservatory and the main building.,ADD,{E_CONSERVATORY_PORCHES}::{MAIN_BUILDING_JUNCTIONS_DEFECTS},57,OPEN
162e160eed,E7,"The defects may include cracked mortar pointing, sealants and weatherproof junction details or other defects.",ADD,{E_CONSERVATORY_PORCHES}::{MAIN_BUILDING_JUNCTIONS_DEFECTS},56,OPEN
b5813f45c2,E7,Repairs should be carried out to maintain a weathertight seal and reduce the risk of water penetration and further deterioration.,ADD,{E_CONSERVATORY_PORCHES}::{MAIN_BUILDING_JUNCTIONS_DEFECTS},64,OPEN
2ee1f4d717,E7,Building Regulations: The conservatory appears to be a later addition to the property.,EXACT,{E_CONSERVATORY_PORCHES}::{LOCATION_CONSTRUCTION},100,DONE
e1711fae2e,E7,"Your legal adviser should confirm whether any necessary Building Regulation approval or exemption applies, together with any guarantees or warranties available.",EXACT,{E_CONSERVATORY_PORCHES}::{LOCATION_CONSTRUCTION},100,DONE
7ac54d55aa,E7,"Porch: The porch(s) located to the front, side, rear, other of the building.",MENU,,0,UNVERIFIED
a733e1e8c4,E7,"The walls comprise single-glazed, double-glazed, triple-glazed, PVC framed, timber framed, aluminium framed, steel framed, other wall sections.",MENU,,0,UNVERIFIED
9a678b16cf,E7,"Roof: The roof is formed in glass, polycarbonate sheets, solid insulated panels, roofing tiles, other materials.",MENU,,0,UNVERIFIED
56d8f46b64,E7,"Doors and Windows: The porch comprises single-glazed, double-glazed, triple-glazed, PVC, timber, aluminium, steel-framed door(s), and window(s).",MENU,,0,UNVERIFIED
7af427800f,E7,"Floor: The floor is of solid concrete, suspended timber, other construction, and the floor is covered with timber, carpet, tiles, laminated flooring, vinyl, other covering(s).",MENU,,0,UNVERIFIED
4a0a150ed9,E7,"No BS EN noted: No visible British Standard, BS EN, or other permanent safety markings were identified on the accessible glazing.",MENU,,0,UNVERIFIED
6a399d2047,E7,The absence of visible markings does not necessarily indicate that safety glazing has not been installed.,EXACT,{E_CONSERVATORY_PORCHES}::{CP_SAFETY_GLASS_RATING_NO_SG_RATING},100,DONE
1a660bc0a1,E7,"Where confirmation is required, your legal adviser should verify any available certification relating to replacement windows.",EXACT,{WINDOWS_SAFETY_GLASS_RATING_STATUS}::{WINDOWS_SAFETY_GLASS_RATING_STATUS_NOTED},100,DONE
dcd0c7bd51,E7,"BS EN noted: Visible British Standard, BS EN, or other permanent safety markings were identified on the accessible glazing.",MENU,,0,UNVERIFIED
03522b3f3f,E7,The presence of visible markings indicates that safety glazing has been installed.,EXACT,{E_CONSERVATORY_PORCHES}::{CP_SAFETY_GLASS_RATING_NOTED},100,DONE
1a660bc0a1,E7,"Where confirmation is required, your legal adviser should verify any available certification relating to replacement windows.",EXACT,{WINDOWS_SAFETY_GLASS_RATING_STATUS}::{WINDOWS_SAFETY_GLASS_RATING_STATUS_NOTED},100,DONE
9e7a7d495d,E7,"Condition: Where visible and operated during the inspection, the doors appear in good, reasonable, fair, poor, very poor condition, consistent with their age and type.",MENU,,0,UNVERIFIED
d53974d068,E7,Porches require routine maintenance appropriate to their age and construction.,ADD,{E_CONSERVATORY_PORCHES}::{PORCH_CONDITION},65,OPEN
762dfb518d,E7,"Glazing, roof coverings, sealants, rainwater goods, and external decorations should be inspected periodically and repaired where necessary to maintain weather resistance and serviceability.",MENU,,0,UNVERIFIED
7e49dd84fb,E7,No defects noted: No significant defects requiring immediate attention were identified unless otherwise stated below.,EXACT,{E_CHIMNEY_MULTI_STACK}::{CONDITION},100,DONE
409c92f3cc,E7,Routine maintenance appropriate to the porch material should be expected.,EXACT,{E_CONSERVATORY_PORCHES}::{PORCH_CONDITION},100,DONE
6cb2658b57,E7,"If very poor is selected, add this: Porches that are in poor condition or in disrepair will require comprehensive repair.",FIX,{E_CONSERVATORY_PORCHES}::{CP_DEFECT_IF_IN_DISREPAIR},90,OPEN
747fd29896,E7,"In some cases, it may be more economical to replace the doors entirely.",EXACT,{E_OUTSIDE_DOORS}::{DOORS_DEFECT_IF_IN_DISREPAIR},100,DONE
5645f69356,E7,"This work should be done under an appropriate FENSA, CERTASS, or Building Regulation approval scheme where applicable.",MENU,,0,UNVERIFIED
5b622ae97d,E7,Applicable guarantees or warranties should be obtained.,EXACT,{E_CONSERVATORY_PORCHES}::{CP_DEFECT_IF_IN_DISREPAIR},100,DONE
f230258d41,E7,"Repair porch: The porch door, window(s), glazing, roof, floor, wall(s), rainwater goods, other are cracked, damaged, rotten, leaking, damp, have failed, are misted over, present a safety hazard, other.",MENU,,0,UNVERIFIED
c12b2192d9,E7,These defects should be repaired in the near future.,FIX,{E_CONSERVATORY_PORCHES}::{CP_REPAIR_NOW},81,OPEN
ea2709f242,E7,"However, where the defects are severe or extensive, repairs should be carried out immediately.",MENU,,0,UNVERIFIED
3f5125f13f,E7,"Unstable Structure: Evidence of movement, distortion, deflection was observed.",MENU,,0,UNVERIFIED
9c63f8c78f,E7,Further investigation by an appropriately qualified contractor is recommended where structural movement appears significant.,ADD,{E_CONSERVATORY_PORCHES}::{CP_CONDITION},48,OPEN
9bafb801e4,E7,Building Joint Defects: Defects were noted to the junction between the conservatory and the main building.,ADD,{E_CONSERVATORY_PORCHES}::{MAIN_BUILDING_JUNCTIONS_DEFECTS},57,OPEN
162e160eed,E7,"The defects may include cracked mortar pointing, sealants and weatherproof junction details or other defects.",ADD,{E_CONSERVATORY_PORCHES}::{MAIN_BUILDING_JUNCTIONS_DEFECTS},56,OPEN
b5813f45c2,E7,Repairs should be carried out to maintain a weathertight seal and reduce the risk of water penetration and further deterioration.,ADD,{E_CONSERVATORY_PORCHES}::{MAIN_BUILDING_JUNCTIONS_DEFECTS},64,OPEN
4d08b4e31a,E7,Building Regulations: The porch appears to be a later addition to the property.,EXACT,{E_CONSERVATORY_PORCHES}::{PORCH_LOCATION_CONSTRUCTION},100,DONE
e1711fae2e,E7,"Your legal adviser should confirm whether any necessary Building Regulation approval or exemption applies, together with any guarantees or warranties available.",EXACT,{E_CONSERVATORY_PORCHES}::{LOCATION_CONSTRUCTION},100,DONE
7c6cbef609,E8,Not Inspected: The usual external works at eaves level (the edges of the roof where the guttering is fixed) could not be inspected due to the height and configuration of the building.,EXACT,{E_OTHER_JOINERY_AND_FINISHES}::{NOT_INSPECTED},100,DONE
85ff88a73a,E8,"Consequently, I am unable to comment on their condition.",EXACT,{E_OTHER_JOINERY_AND_FINISHES}::{NOT_INSPECTED},100,DONE
b75f27f205,E8,"These elements are typically formed in timber and should be regularly inspected, maintained, and redecorated as necessary to protect them from weathering, prevent decay, and prolong their service life.",MENU,,0,UNVERIFIED
b01f186d67,E8,Inspected: Inspection was carried out from ground level and other reasonably accessible positions.,EXACT,{E_OTHER_JOINERY_AND_FINISHES}::{STANDARD_TEXT},100,DONE
18145792a8,E8,High-level joinery was inspected using binoculars where appropriate.,EXACT,{E_OTHER_JOINERY_AND_FINISHES}::{STANDARD_TEXT},100,DONE
068c47ab35,E8,"Concealed sections behind gutters, roof coverings or other finishes could not be inspected.",EXACT,{E_OTHER_JOINERY_AND_FINISHES}::{STANDARD_TEXT},100,DONE
1bee6e7472,E8,No opening up or dismantling of components was undertaken.,EXACT,{E_OTHER_JOINERY_AND_FINISHES}::{STANDARD_TEXT},100,DONE
f7148334f2,E8,"This section relates to external joinery and finishes not covered elsewhere within this report, including fascias, soffits, bargeboards, eaves joinery, verge clips, cladding, decorative timberwork, or other associated external finishes.",MENU,,0,UNVERIFIED
567ee3f942,E8,Only those areas that were readily visible and safely accessible at the time of inspection have been assessed.,EXACT,{E_OTHER_JOINERY_AND_FINISHES}::{STANDARD_TEXT},100,DONE
b968a2405e,E8,Redecoration should be undertaken periodically in accordance with the manufacturer's recommendations and the exposure of the property.,EXACT,{E_OTHER_JOINERY_AND_FINISHES}::{STANDARD_TEXT},100,DONE
d915771371,E8,"Description: The external eaves-level joinery comprises timber, PVCu, aluminium, asbestos board, cement board, fibre cement, slates, other materials.",MENU,,0,UNVERIFIED
47325e85fa,E8,Localised repairs or redecoration should be undertaken where deterioration is evident.,EXACT,{E_OTHER_JOINERY_AND_FINISHES}::{ABOUT_OTHER_JOINERY_AND_FINISHES},100,DONE
f637ecc6a0,E8,Routine inspection and maintenance appropriate to the material should be expected throughout its service life.,EXACT,{E_OTHER_JOINERY_AND_FINISHES}::{ABOUT_OTHER_JOINERY_AND_FINISHES},100,DONE
e5053d2d48,E8,"Decorations: The external painted or stained finishes appear in good, reasonable, fair, weathered, poor condition.",MENU,,0,UNVERIFIED
232399bed1,E8,External decorations are intended to provide weather protection as well as appearance.,ADD,{E_OTHER_JOINERY_AND_FINISHES}::{ABOUT_OTHER_JOINERY_AND_FINISHES},49,OPEN
55c5c7a520,E8,"Condition: Where visible, these elements appear in good, reasonable, fair, poor, very poor condition, consistent with their age and construction.",MENU,,0,UNVERIFIED
d715372ceb,E8,No defects noted: No significant defects requiring immediate attention were identified unless otherwise stated below.,EXACT,{E_CHIMNEY_MULTI_STACK}::{CONDITION},100,DONE
0f5dcf12c8,E8,Routine maintenance appropriate to the joinery material should be expected.,EXACT,{E_OTHER_JOINERY_AND_FINISHES}::{CONDITION},100,DONE
eedcda3382,E8,"Repair: The fascias, soffits, barge boards, verge clips, timber cladding, other to the main building, back addition, extension, bay window, garage, other are rotted, damaged, poorly secured, incomplete, missing, other.",MENU,,0,UNVERIFIED
fc3f987502,E8,"Repairs should be carried out as soon as practicable to restore their integrity and prevent further deterioration, moisture ingress, or the risk of sections becoming detached.",MENU,,0,UNVERIFIED
6c838646d2,E8,"Any decayed timber should be cut out and replaced, defective fixings renewed, and all exposed timber surfaces properly prepared, treated, and redecorated to provide long-term protection.",MENU,,0,UNVERIFIED
93de66f4d4,E8,Hazards: The above defect is a safety hazard.,EXACT,{E_OTHER_JOINERY_AND_FINISHES}::{REPAIR_SAFETY_HAZARD},100,DONE
800c3f79bc,E8,This should be repaired now.,EXACT,{E_CHIMNEY_AERIAL_DISH_REPAIR}::{AERIAL_DISH_REPAIR_NOW},100,DONE
67111608ee,E8,"Timber Weathering: Exposed timber joinery exhibits minor, moderate, significant weathering.",MENU,,0,UNVERIFIED
debbb05370,E8,"Where deterioration is limited, routine preparation and redecoration should prevent further decay.",EXACT,{E_OTHER_JOINERY_AND_FINISHES}::{REPAIR_REDECORATE},100,DONE
b7eb6cdee0,E8,"Otherwise, where decay is advanced, localised repair or replacement may be necessary.",MENU,,0,UNVERIFIED
32c12eab5d,E8,"Timber Decay: Localised wet rot, surface decay, timber deterioration was observed.",MENU,,0,UNVERIFIED
5c3bc1197f,E8,"The affected timber should be repaired or replaced, and the source of moisture addressed where necessary.",ADD,{E_OTHER_JOINERY_AND_FINISHES}::{REPAIR_REDECORATE},53,OPEN
07642c3e55,E8,Asbestos Cement Components: Some external joinery or soffit components may comprise asbestos cement products.,EXACT,{E_OTHER_JOINERY_AND_FINISHES}::{CONTAIN_ASBESTOS},100,DONE
0c639f4ff1,E8,"Where these remain in good condition and are left undisturbed, they do not normally present a significant health risk.",EXACT,{E_OTHER_JOINERY_AND_FINISHES}::{CONTAIN_ASBESTOS},100,DONE
3c551c0555,E8,"Before carrying out repairs, alterations or removal, specialist advice should be obtained.",MENU,,0,UNVERIFIED
2e1bd3d44b,E8,"Defective Joinery One or more defects were observed, including: • Loose fascias • Loose soffits • Damaged bargeboards • Open joints • Defective fixings • Weathered decoration • Localised timber decay • Distorted joinery • Minor impact damage Repairs should be undertaken to prevent further deterioration and maintain weather resistance.",ADD,{E_OTHER_JOINERY_AND_FINISHES}::{STANDARD_TEXT},48,OPEN
ec10c53080,E8,"If the property is a flat, add the following.",MENU,,0,UNVERIFIED
5064c3290d,E8,"As this is a leasehold property, your legal adviser should confirm, before the exchange of contracts, the provisions within the lease relating to the maintenance and external redecoration of the building, including when such works are due to be carried out and who is responsible for the cost.",MENU,,0,UNVERIFIED
400cef4c65,E8,"You should also ask the management company whether any repairs or external redecoration works have been undertaken previously, whether any are currently planned, and whether any associated costs are likely to be payable by leaseholders.",MENU,,0,UNVERIFIED
9f04a5217a,E8,General Maintenance: External joinery should be inspected periodically as part of routine property maintenance.,ADD,{E_OTHER_JOINERY_AND_FINISHES}::{STANDARD_TEXT},54,OPEN
e851565807,E8,Timber components should be redecorated at appropriate intervals to maintain protection against weathering.,ADD,{E_OTHER_JOINERY_AND_FINISHES}::{STANDARD_TEXT},48,OPEN
2ac9755826,E8,"Sealants, fixings, and joints should be inspected regularly and renewed where deterioration becomes evident.",MENU,,0,UNVERIFIED
679b09566c,E8,Prompt attention to isolated defects will help prevent more extensive repairs.,ADD,{E_OTHER_JOINERY_AND_FINISHES}::{REPAIR_REDECORATE},47,OPEN
fb645affab,E9,The inspection was limited to those parts that were safely accessible at the time of inspection.,ADD,{E_OTHER}::{OTHER_NOT_APPLICABLE},48,OPEN
479aef5807,E9,"No opening up, testing or dismantling of concealed elements was undertaken.",ADD,{OTHER_EXTERNAL_AREA}::{OTHER_CONDITION},43,OPEN
eb098a6c16,E9,Comments relate only to the visible condition of the structures inspected.,ADD,{OTHER_EXTERNAL_AREA}::{OTHER_CONDITION},51,OPEN
1502ba09c9,E9,"This section relates to external features not reported elsewhere within this report, including carports, porches, balconies, Juliet balconies, roof terraces, external staircases, retaining walls, communal areas, and other ancillary external structures.",MENU,,0,UNVERIFIED
33bd78c5b8,E9,Only those elements that were readily visible and safely accessible at the time of inspection have been assessed.,ADD,{OTHER_EXTERNAL_AREA}::{OTHER_NO_SAFETY_GLASS},46,OPEN
af920f4c5a,E9,"Description: Where applicable, the external communal areas comprise communal entrances, access roads, parking areas, footpaths, landscaped areas, boundary structures, security gates, CCTV, lighting, bin stores, cycle stores, other facilities.",MENU,,0,UNVERIFIED
0a78bce367,E9,"Condition: Where visible, these appear in good, reasonable, fair, poor, very poor condition, consistent with their age and use.",MENU,,0,UNVERIFIED
d28abf6837,E9,General wear associated with normal use was observed where appropriate.,EXACT,{E_OTHER}::{COMMUNAL_AREA_CONDITION},100,DONE
2ad9ae4f15,E9,"Carport: The property incorporates a timber, steel, aluminium, masonry carport.",MENU,,0,UNVERIFIED
ca2aedd809,E9,"Roof: The roof is of pitched, flat, lean-to construction and covered with tiles, slates, felt sheet, polycarbonate sheet, metal sheeting, other material.",MENU,,0,UNVERIFIED
3ca4736875,E9,"Walls: The walls or balustrades are formed in bricks, timber, steel, glass, aluminium, other materials.",MENU,,0,UNVERIFIED
25d2f44e89,E9,"Floor: The floor is formed in concrete, block paving, tarmac, gravel, other finish.",MENU,,0,UNVERIFIED
6314b578ba,E9,"Condition: Where visible, the structure appears in good, reasonable, fair, poor, very poor condition.",MENU,,0,UNVERIFIED
7a055bb249,E9,Routine maintenance appropriate to its age and construction should be expected.,EXACT,{OTHER_EXTERNAL_AREA}::{OTHER_CONDITION},100,DONE
1d0f60c900,E9,No defects noted: No significant defects requiring immediate attention were identified unless otherwise stated below.,EXACT,{E_CHIMNEY_MULTI_STACK}::{CONDITION},100,DONE
22f36033e4,E9,Routine maintenance appropriate to the carport material should be expected.,FIX,{OTHER_EXTERNAL_AREA}::{OTHER_CONDITION},93,OPEN
c669aa77d6,E9,"Porch Canopy: The property incorporates a porch canopy constructed of timber, steel, concrete, plastic, other material.",MENU,,0,UNVERIFIED
9fab2ac635,E9,"Roof: The roof covering comprises tiles, slates, felt, polycarbonate, plastic, other material.",MENU,,0,UNVERIFIED
6c4d589018,E9,"Condition: Where visible, the canopy appears in good, reasonable, fair, poor, very poor condition.",MENU,,0,UNVERIFIED
e46e750375,E9,Repairs should be undertaken where deterioration affects structural stability or weather resistance.,ADD,{OTHER_REPAIR}::{OTHER_REPAIR_WALL},58,OPEN
1d0f60c900,E9,No defects noted: No significant defects requiring immediate attention were identified unless otherwise stated below.,EXACT,{E_CHIMNEY_MULTI_STACK}::{CONDITION},100,DONE
7a333addc2,E9,Routine maintenance appropriate to the porch canopy material should be expected.,FIX,{OTHER_EXTERNAL_AREA}::{OTHER_CONDITION},92,OPEN
edf39ce771,E9,"Juliet Balcony: The property incorporates Juliet balcony(s) formed in steel, aluminium, glass, other materials.",MENU,,0,UNVERIFIED
98b09980c1,E9,"Condition: Where visible, it appears in good, reasonable, fair, poor, very poor condition.",MENU,,0,UNVERIFIED
485616b6a5,E9,Guarding should remain securely fixed and free from significant corrosion or damage.,ADD,{OTHER_REPAIR}::{OTHER_REPAIR_PERISHED_DECORATIONS},46,OPEN
1d0f60c900,E9,No defects noted: No significant defects requiring immediate attention were identified unless otherwise stated below.,EXACT,{E_CHIMNEY_MULTI_STACK}::{CONDITION},100,DONE
aa7f281f92,E9,Routine maintenance appropriate to the Juliet balcony material should be expected.,FIX,{OTHER_EXTERNAL_AREA}::{OTHER_CONDITION},89,OPEN
eeb66e1eea,E9,"Balcony: The property incorporates a timber, steel, concrete, cantilevered balcony(s).",MENU,,0,UNVERIFIED
3ca4736875,E9,"Walls: The walls or balustrades are formed in bricks, timber, steel, glass, aluminium, other materials.",MENU,,0,UNVERIFIED
25d2f44e89,E9,"Floor: The floor is formed in concrete, block paving, tarmac, gravel, other finish.",MENU,,0,UNVERIFIED
cc35c315c8,E9,"Drains: The drains are laid with bitumen, felt, concrete, other materials, other appear well drained, poorly drained, unobstructed, obstructed.",MENU,,0,UNVERIFIED
33fb69b43b,E9,"Poorly drained or obstructed drainage channels can allow rainwater to pond or overflow, resulting in water penetration into adjacent building elements, deterioration of finishes, and an increased risk of slips.",MENU,,0,UNVERIFIED
c406a49ec0,E9,"Any defective, blocked, or damaged drainage channels should be cleared and repaired promptly to ensure they continue to function effectively.",MENU,,0,UNVERIFIED
6314b578ba,E9,"Condition: Where visible, the structure appears in good, reasonable, fair, poor, very poor condition.",MENU,,0,UNVERIFIED
7a055bb249,E9,Routine maintenance appropriate to its age and construction should be expected.,EXACT,{OTHER_EXTERNAL_AREA}::{OTHER_CONDITION},100,DONE
1d0f60c900,E9,No defects noted: No significant defects requiring immediate attention were identified unless otherwise stated below.,EXACT,{E_CHIMNEY_MULTI_STACK}::{CONDITION},100,DONE
38d8d5a64e,E9,Routine maintenance appropriate to the balcony material should be expected.,FIX,{OTHER_EXTERNAL_AREA}::{OTHER_CONDITION},93,OPEN
43d843cb81,E9,Roof Terrace: The property incorporates a roof terrace.,TOKENISED,{OTHER_EXTERNAL_AREA}::{OTHER_CONSTRUCTION},77,DONE
250ee97641,E9,"The structure is formed in timber, concrete, steel, other materials.",MENU,,0,UNVERIFIED
010b089a47,E9,"Roof: The roof is of pitched, flat, lean-to construction and covered with tiles, slates, felt, polycarbonate, metal sheeting, other materials.",MENU,,0,UNVERIFIED
3ca4736875,E9,"Walls: The walls or balustrades are formed in bricks, timber, steel, glass, aluminium, other materials.",MENU,,0,UNVERIFIED
25d2f44e89,E9,"Floor: The floor is formed in concrete, block paving, tarmac, gravel, other finish.",MENU,,0,UNVERIFIED
bc359f8b89,E9,"Drains: The drains are laid with bitumen, felt, concrete or other suitable materials, other appear well drained, poorly drained, unobstructed, obstructed.",MENU,,0,UNVERIFIED
33fb69b43b,E9,"Poorly drained or obstructed drainage channels can allow rainwater to pond or overflow, resulting in water penetration into adjacent building elements, deterioration of finishes, and an increased risk of slips.",MENU,,0,UNVERIFIED
c406a49ec0,E9,"Any defective, blocked, or damaged drainage channels should be cleared and repaired promptly to ensure they continue to function effectively.",MENU,,0,UNVERIFIED
6314b578ba,E9,"Condition: Where visible, the structure appears in good, reasonable, fair, poor, very poor condition.",MENU,,0,UNVERIFIED
4ec0af77c6,E9,Routine maintenance appropriate to its age and construction of the roof terrace should be expected.,FIX,{OTHER_EXTERNAL_AREA}::{OTHER_CONDITION},89,OPEN
1d0f60c900,E9,No defects noted: No significant defects requiring immediate attention were identified unless otherwise stated below.,EXACT,{E_CHIMNEY_MULTI_STACK}::{CONDITION},100,DONE
616baffbbe,E9,Routine maintenance appropriate to the roof terrace material should be expected.,FIX,{OTHER_EXTERNAL_AREA}::{OTHER_CONDITION},94,OPEN
2a9fb0fbd0,E9,"External Staircase: The property incorporates an external staircase constructed of concrete, steel, timber, brick, other materials.",MENU,,0,UNVERIFIED
ab3ed1e86a,E9,"Element (s): The handrails, landing, and steps are formed in steel, timber, aluminium, other materials.",MENU,,0,UNVERIFIED
bfa1c98246,E9,"Condition: Where visible, the staircase appears in good, reasonable, fair, poor, very poor condition.",MENU,,0,UNVERIFIED
1d0f60c900,E9,No defects noted: No significant defects requiring immediate attention were identified unless otherwise stated below.,EXACT,{E_CHIMNEY_MULTI_STACK}::{CONDITION},100,DONE
44f12adf54,E9,Routine maintenance appropriate to the staircase material should be expected.,FIX,{OTHER_EXTERNAL_AREA}::{OTHER_CONDITION},95,OPEN
38804091e1,E9,"Retaining Walls: The property incorporates brick, stone, concrete, gabion, timber retaining walls.",MENU,,0,UNVERIFIED
bea711cf4c,E9,"Condition: Where visible, these appear in good, reasonable, fair, poor, very poor condition.",MENU,,0,UNVERIFIED
1d0f60c900,E9,No defects noted: No significant defects requiring immediate attention were identified unless otherwise stated below.,EXACT,{E_CHIMNEY_MULTI_STACK}::{CONDITION},100,DONE
1eb10152c6,E9,Routine maintenance appropriate to the retaining wall material should be expected.,FIX,{OTHER_EXTERNAL_AREA}::{OTHER_CONDITION},90,OPEN
c40331abe6,E9,"Defects noted: Evidence of movement, bulging, instability, damage, other was noted to parts or all retaining walls.",MENU,,0,UNVERIFIED
4f7d433b6d,E9,You should arrange for further investigation by an appropriately qualified person.,ADD,{OTHER_EXTERNAL_AREA}::{OTHER_NO_SAFETY_GLASS},50,OPEN
ce1111ce35,E9,Retaining walls are designed to support the considerable weight of the ground behind them.,ADD,{OTHER_REPAIR}::{OTHER_REPAIR_DRAINS},49,OPEN
6d88031535,E9,"Where the retaining wall is in poor condition, it may no longer be performing its intended function effectively.",ADD,{E_OTHER}::{COMMUNAL_AREA_CONDITION},46,OPEN
b6136a5381,E9,"Repairs or replacement can be costly, as any new retaining wall must be designed and constructed to adequately resist the retained ground.",ADD,{OTHER_REPAIR}::{OTHER_REPAIR_WALL},48,OPEN
160618848a,E9,You should instruct an appropriately qualified structural specialist to inspect the wall without delay and provide recommendations for any necessary remedial works.,ADD,{OTHER_EXTERNAL_AREA}::{OTHER_NO_SAFETY_GLASS},62,OPEN
c74ff6b761,E9,"Where the retaining wall is shared with, or forms a boundary with, a neighbouring property, responsibility for repair and maintenance may be shared or otherwise affected by legal rights and obligations.",MENU,,0,UNVERIFIED
627ab67876,E9,"Before any work is undertaken, your legal adviser should investigate ownership, maintenance responsibilities and any associated rights or liabilities, and explain the implications to you.",MENU,,0,UNVERIFIED
bd54e61187,E9,"Other External Structures: Other external structures include bin stores, cycle stores, garden walls, pergolas, gazebos, covered walkways, storage compounds, other ancillary structures.",MENU,,0,UNVERIFIED
bea711cf4c,E9,"Condition: Where visible, these appear in good, reasonable, fair, poor, very poor condition.",MENU,,0,UNVERIFIED
62cc321eb3,E9,Routine maintenance appropriate to their age and construction installation should be expected.,FIX,{OTHER_EXTERNAL_AREA}::{OTHER_CONDITION},89,OPEN
1d0f60c900,E9,No defects noted: No significant defects requiring immediate attention were identified unless otherwise stated below.,EXACT,{E_CHIMNEY_MULTI_STACK}::{CONDITION},100,DONE
37ee9fd9b0,E9,Routine maintenance appropriate to the installation material should be expected.,FIX,{OTHER_EXTERNAL_AREA}::{OTHER_CONDITION},90,OPEN
beab227157,E9,"Repairs Roof: The flashing, roof tile, sheet, or slate covering of the roof over the carport, balcony, canopy, other is missing, slipped, cracked, lifted, in disrepair, leaking, damaged, poorly secured, dilapidated, other.",MENU,,0,UNVERIFIED
72962196da,E9,"Repairs should be undertaken as soon as practicable by a competent roofing contractor to prevent water ingress, further deterioration, and the risk of loose materials becoming dislodged.",MENU,,0,UNVERIFIED
2c65ff7f11,E9,"Walls: The balcony, carport, roof terrace, staircase, other wall(s) are cracked, are damaged, are unstable, have eroded render, other.",MENU,,0,UNVERIFIED
b68664c07a,E9,Repairs should be carried out as soon as practicable to prevent further deterioration and maintain their structural integrity.,EXACT,{OTHER_REPAIR}::{OTHER_REPAIR_WALL},100,DONE
89b4927fbc,E9,Any movement-related cracking should be investigated if considered progressive.,ADD,{OTHER_REPAIR}::{OTHER_REPAIR_PERISHED_DECORATIONS},46,OPEN
0402efeccd,E9,"Floor: The floor surface, timbers, or decking of the balcony, carport, roof terrace, staircase floor is split, cracked, other.",MENU,,0,UNVERIFIED
9f004960c3,E9,"The defective areas should be repaired promptly to maintain a weatherproof surface, prevent water penetration into the structure below, and reduce the risk of trip hazards.",MENU,,0,UNVERIFIED
2dadcdd609,E9,"Drains: The balcony, carport, roof terrace, staircase, other drains are too small, blocked, poorly drained, damaged, other, resulting in rainwater ponding.",MENU,,0,UNVERIFIED
8dd9bad1ea,E9,Standing water can accelerate deterioration of the waterproof covering and increase the risk of water penetration into the building.,EXACT,{OTHER_REPAIR}::{OTHER_REPAIR_DRAINS},100,DONE
f679e6fc50,E9,"The drainage outlets should be cleared, repaired, or upgraded as necessary to ensure efficient disposal of rainwater, and thereafter maintained regularly.",MENU,,0,UNVERIFIED
56d0c128bc,E9,"Handrails: The handrail(s) of the balcony, Juliet balcony, terrace, stairs, other are inadequate, poorly secured, incomplete, loose, corroded, rotten, damaged, other and may not provide adequate protection against falls.",MENU,,0,UNVERIFIED
e8dfec06be,E9,This presents a safety risk.,EXACT,{OTHER_REPAIR}::{OTHER_REPAIR_HANDRAILS},100,DONE
a0aba2e416,E9,"The defective handrail(s) should be repaired, replaced, or redecorated with a suitably designed and securely fixed handrail that complies with current safety standards.",MENU,,0,UNVERIFIED
3974010186,E9,"Metal Stairs: The surfaces of the steps or landing are split, cracked, partly rotted, rusted, defective.",MENU,,0,UNVERIFIED
9b26698f69,E9,"Repairs should be carried out as soon as practicable to remove the safety hazard, prevent further deterioration, and maintain safe access.",MENU,,0,UNVERIFIED
c55b37b7e9,E9,"Decorations: The decorations to the stairway are peeling, flaking, damaged, other.",MENU,,0,UNVERIFIED
916f20511c,E9,The affected surfaces should be properly prepared and redecorated as soon as practicable.,EXACT,{OTHER_REPAIR}::{OTHER_REPAIR_PERISHED_DECORATIONS},100,DONE
58da398fa9,E9,"Where corrosion or timber decay is present, the underlying defects should be treated or repaired before redecoration.",ADD,{OTHER_REPAIR}::{OTHER_REPAIR_PERISHED_DECORATIONS},49,OPEN
ee10214bca,E9,General Maintenance: External ancillary structures should be inspected periodically as part of routine property maintenance.,ADD,{OTHER_REPAIR}::{OTHER_REPAIR_PERISHED_DECORATIONS},49,OPEN
2cf1141064,E9,"Rainwater disposal, structural stability, guarding, fixings, waterproofing and external finishes should be maintained to reduce the risk of deterioration and ensure continued safe use.",MENU,,0,UNVERIFIED
9b30dd14a1,E9,"If the property is a flat, add the following.",MENU,,0,UNVERIFIED
bd164b5c81,E9,It is assumed that the common parts are maintained under appropriate maintenance contracts and are the responsibility of the management company.,EXACT,{E_OTHER}::{COMMUNAL_AREA_CONDITION},100,DONE
e6776721e7,E9,Your legal adviser should obtain full details and refer to Section I3 - Issues for Your Legal Adviser.,ADD,{E_OTHER}::{COMMUNAL_AREA_CONDITION},62,OPEN
fde54f0b2f,E9,Your legal adviser should also confirm that the person responsible for managing the building has complied with all applicable statutory requirements relating to asbestos.,EXACT,{E_OTHER}::{COMMUNAL_AREA_CONDITION},100,DONE
6c8993a6a3,E9,"Where communal facilities are provided, your legal adviser should confirm: the identity of the management company, responsibility for maintenance and repairs, current service charges and reserve fund contributions, any planned major works, and any outstanding maintenance liabilities.",MENU,,0,UNVERIFIED
b355940e56,E9,"Condition rating 123 F Inside the Property Inspection Limitations It was not practical to inspect parts of the property that were covered, concealed or otherwise inaccessible without causing damage or disturbance, such as lifting carpets or removing fixed fittings.",MENU,,0,UNVERIFIED
2d09d59be0,E9,"Consequently, no assurance can be given regarding the condition of these concealed areas.",ADD,{E_OTHER}::{COMMUNAL_AREA_NOT_INSPECTED},46,OPEN
0095050343,E9,This report relates only to those parts of the property that were reasonably accessible at the time of the inspection.,ADD,{E_OTHER}::{COMMUNAL_AREA_CONDITION},47,OPEN
4c5e35bb31,E9,"Where the roof space is inaccessible due to the absence of a suitable access hatch or the presence of other obstructions, I am unable to assess the type, presence, adequacy or condition of the insulation or concealed roof timbers.",MENU,,0,UNVERIFIED
f4ba93b30c,E9,"Where available, the Energy Performance Certificate (EPC) may provide additional information regarding the insulation within the roof space.",ADD,{E_OTHER}::{COMMUNAL_AREA_CONDITION},50,OPEN
b4ca7848d1,E9,Moisture readings represent the condition of the property only at the time of the inspection and cannot provide absolute assurance that concealed surfaces or structural elements are free from moisture-related defects.,ADD,{OTHER_REPAIR}::{OTHER_REPAIR_FLOOR},45,OPEN
ff06b3f8f8,E9,"Weather conditions, temperature, and humidity can all influence moisture levels and the observations made during an inspection.",MENU,,0,UNVERIFIED
3f872adc58,E9,"Where my findings are inconclusive regarding the extent or cause of dampness, I recommend that you arrange a further investigation by a suitably qualified independent specialist.",ADD,{OTHER_REPAIR}::{OTHER_REPAIR_STEPS_LANDING},46,OPEN
5ede340939,E9,"The inspection should be carried out in accordance with the Joint Position Statement (JPS) 2022, Investigation of Moisture and its Effects on Traditional Buildings, and should be undertaken independently of any contractor providing quotations for remedial work.",ADD,{OTHER_REPAIR}::{OTHER_REPAIR_FLOOR},44,OPEN
e1f394acfb,E9,The inspection was visual and non-invasive.,ADD,{E_OTHER}::{COMMUNAL_AREA_CONDITION},52,OPEN
02cd9de095,E9,"Floor coverings were not lifted, furniture and stored items were not moved, and no opening up or destructive investigation was undertaken.",MENU,,0,UNVERIFIED
1e94130118,E9,Comments relate only to the condition observed at the time of the inspection.,ADD,{E_OTHER}::{COMMUNAL_AREA_CONDITION},48,OPEN
0d3aeff9f1,E9,"Limitations: The inspection of the internal accommodation was limited by fitted floor coverings, furniture, stored items, fixed fittings, restricted access, locked rooms, limited roof access, limited lighting, health, and safety considerations.",MENU,,0,UNVERIFIED
2f9dfda515,E9,"Where roof space access was available, only those areas that could be inspected safely from the access hatch and boarded areas were examined.",ADD,{OTHER_EXTERNAL_AREA}::{OTHER_NO_SAFETY_GLASS},47,OPEN
8847c566b0,E9,"Insulation, stored items, roof timbers, and restricted headroom may have limited the inspection.",MENU,,0,UNVERIFIED
66b447311f,E9,Inaccessible areas have not been inspected.,ADD,{OTHER_EXTERNAL_AREA}::{OTHER_CONDITION},46,OPEN
298074df6b,E9,"Roof Not Fully Inspected: I could not fully inspect the roof timber because of limited roof height; the floor was not safe to walk on, floor was boarded, excessive storage, insulation, underlining, other at the time of my inspection.",MENU,,0,UNVERIFIED
6770dd48a9,E9,No comments can be made regarding unseen elements.,ADD,{E_OTHER}::{COMMUNAL_AREA_NOT_INSPECTED},43,OPEN
0fa99d0641,E9,Unsafe floor: I could not fully inspect the roof timbers because the floor was unsafe to walk on at the time of my inspection.,ADD,{OTHER_EXTERNAL_AREA}::{OTHER_NO_SAFETY_GLASS},49,OPEN
9a09f764b8,F1,"Loft converted: The original roof structure has been substantially altered to form the loft conversion, with most structural elements now concealed from view.",EXACT,{F_ROOF_STRUCTURE}::{LOFT_CONVERTED_DEFECT},100,DONE
f6262defc5,F1,"Consequently, I am unable to comment on the condition of the concealed areas.",EXACT,{F_ROOF_STRUCTURE}::{LOFT_CONVERTED_DEFECT},100,DONE
042a991d29,F1,"Your legal advisers must verify that all necessary planning permissions, Building Regulations approvals, and required interim and final inspections were obtained for the conversion before you commit to the purchase.",MENU,,0,UNVERIFIED
c521fa4bff,F1,The roof structure was inspected from the roof access hatch where available and from those areas that were safely accessible at the time of the inspection.,ADD,{F_OTHER}::{COMMUNAL_AREA_INSPECTED},59,OPEN
e7b2859ec4,F1,"Description: The roof structure is formed in traditional cut timber, prefabricated trussed rafters, steel, other construction.",MENU,,0,UNVERIFIED
17483d6529,F1,"Condition: Where visible, the roof structure appears in good, reasonable, fair, poor, very poor condition, consistent with its age and construction.",MENU,,0,UNVERIFIED
ebcdc800ff,F1,No defects noted: No significant defects requiring immediate attention were identified unless otherwise stated below.,EXACT,{E_CHIMNEY_MULTI_STACK}::{CONDITION},100,DONE
340bc86497,F1,Routine maintenance appropriate to the roof structure material should be expected.,ADD,{F_ABOUT_ROOF_STRUCTURE}::{REPAIR_TANK_POOR_COVER},53,OPEN
e22c980456,F1,"Roof Underlay No Underlay: The absence of a roof underlay could result in water leakage, lower internal temperatures, higher heating costs, condensation, and mould growth.",MENU,,0,UNVERIFIED
81a97c978c,F1,I recommend that you contact a qualified person to inspect the roof covering and confirm its watertightness.,FIX,{F_ABOUT_ROOF_STRUCTURE}::{UNDERLINING_STATUS_NO_UNDERLINING},89,OPEN
c74bb81e77,F1,"Underlay present: The underside of the roof covering incorporates traditional bituminous felt, breathable membrane, timber boards, other, which should provide a secondary barrier to driving rain and snow, where visible.",MENU,,0,UNVERIFIED
97c5d64f4c,F1,"Where visible, the underlay appears in good, reasonable, fair, poor, very poor condition.",MENU,,0,UNVERIFIED
905c01b7e3,F1,"Where no underlay is present, this is likely to reflect the age and type of construction and is not necessarily a defect.",EXACT,{F_ABOUT_ROOF_STRUCTURE}::{UNDERLINING_STATUS_NO_UNDERLINING},100,DONE
cb672ee9b3,F1,"However, installing a suitable breathable underlay when the roof covering is next renewed would improve weather protection and thermal performance.",ADD,{F_ABOUT_ROOF_STRUCTURE}::{REPAIR_PARTY_WALL_PROBLEM_LARGELY_MISSING},50,OPEN
ebcdc800ff,F1,No defects noted: No significant defects requiring immediate attention were identified unless otherwise stated below.,EXACT,{E_CHIMNEY_MULTI_STACK}::{CONDITION},100,DONE
5844aaa6c4,F1,Routine maintenance appropriate to the underlay material should be expected.,ADD,{F_OTHER}::{BASEMENT_IN_USE},52,OPEN
883ff79fd1,F1,"Defects noted: The roof underlay is worn, torn, missing, damaged in places, reducing its effectiveness as a secondary barrier against wind-driven rain and dust.",MENU,,0,UNVERIFIED
4e98ab36a0,F1,I recommend that a qualified roofing contractor inspect the roof covering to confirm its weathertightness and carry out any necessary repairs.,FIX,{F_ABOUT_ROOF_STRUCTURE}::{UNDERLINING_STATUS_NO_UNDERLINING},75,OPEN
ef23501f0c,F1,Ongoing routine maintenance appropriate to the roof covering should be expected.,ADD,{F_OTHER}::{BASEMENT_IN_USE},54,OPEN
0e88e00dda,F1,Roof Ventilation No ventilation: No ventilation has been provided in the roof space.,EXACT,{F_ABOUT_ROOF_STRUCTURE}::{VENTILATION_COMPOSITE_PROFESSIONAL},100,DONE
e8107c4edd,F1,The roof space must be ventilated to the outside air to prevent dampness.,ADD,{F_ABOUT_ROOF_STRUCTURE}::{INSULATION_ADEQUATE},56,OPEN
d6cafd29c5,F1,"When installing insulation, the ventilation must not be obstructed.",ADD,{F_ABOUT_ROOF_STRUCTURE}::{VENTILATION_DAMP_IN_SUFFICIENT_VENTILATION},51,OPEN
1fb7ac46a3,F1,"Ventilation noted: The roof space appears to have adequate, limited, restricted ventilation.",MENU,,0,UNVERIFIED
f572c50219,F1,Adequate roof space ventilation assists in reducing the risk of condensation and timber decay.,EXACT,{F_ABOUT_ROOF_STRUCTURE}::{VENTILATION_DAMP_IN_SUFFICIENT_VENTILATION},100,DONE
51e4d59fb4,F1,"Where ventilation is limited, improvements should be considered when future roofing works are undertaken.",ADD,{F_ABOUT_ROOF_STRUCTURE}::{NO_INSECT_INFESTATION_FOUND},66,OPEN
87e62297dc,F1,"Condensation noted: The roof space has no or insufficient ventilation, resulting in condensation and mould growth on some of the timbers or roof underlay.",ADD,{F_ABOUT_ROOF_STRUCTURE}::{VENTILATION_DAMP_IN_SUFFICIENT_VENTILATION},63,OPEN
8013541fdb,F1,"Additional ventilation should be provided to improve air circulation, reduce condensation, and help maintain the condition of the roof timbers.",MENU,,0,UNVERIFIED
e835c34040,F1,Significantly damaged or rotted timbers should be replaced.,ADD,{F_ABOUT_ROOF_STRUCTURE}::{REPAIR_TIMBER_STRUCTURE_NOW},53,OPEN
7ebac515c9,F1,"Thermal Insulation: The roof space floor insulation appears adequate, limited, insufficient, poorly fitted, other based upon the visible areas only.",MENU,,0,UNVERIFIED
9aa91b374d,F1,The thickness and continuity of insulation cannot be confirmed without disturbing the insulation.,EXACT,{F_ABOUT_ROOF_STRUCTURE}::{INSULATION_ADEQUATE},100,DONE
b6b00f77e4,F1,Reference should also be made to the Energy Performance Certificate where available.,EXACT,{F_ABOUT_ROOF_STRUCTURE}::{INSULATION_ADEQUATE},100,DONE
183abd2959,F1,Adequate insulation: The insulation to the loft floor appears adequate where visible.,ADD,{F_ABOUT_ROOF_STRUCTURE}::{UNDERLINING_STATUS_NO_UNDERLINING},61,OPEN
518ffab3a5,F1,"Where insulation is inadequate or absent, you should upgrade it to a depth of 270-300 mm to meet current recommended standards, taking care not to obstruct roof ventilation.",ADD,{F_ABOUT_ROOF_STRUCTURE}::{SPRAY_FOAM_INSULATION},48,OPEN
604e1b4406,F1,Inadequate/no insulation: The loft insulation is below the current recommended standard of 270-300 mm or is absent.,ADD,{F_ROOF_STRUCTURE_WATER_TANK}::{INSULATION_STATUS_NOT_ADEQUATELY_INSULATED},69,OPEN
8d885fe056,F1,"This can lead to heat loss, higher heating costs, and an increased risk of condensation and mould.",MENU,,0,UNVERIFIED
b896748bbe,F1,"I recommend upgrading the insulation to current standards, ensuring roof ventilation is not obstructed.",ADD,{F_ROOF_STRUCTURE_WATER_TANK}::{INSULATION_STATUS_NOT_ADEQUATELY_INSULATED},54,OPEN
a4a369a752,F1,"Water Storage Tanks: The roof space contains plastic, galvanised steel, asbestos cement, fibreglass, other cold water storage tanks.",MENU,,0,UNVERIFIED
000c57ac38,F1,"Condition: Where visible, the tank appears in good, reasonable, fair, poor, very poor condition.",MENU,,0,UNVERIFIED
36859a0ad9,F1,No defects noted: No evidence of leakage or significant defects was observed at the time of inspection unless otherwise stated.,EXACT,{F_ROOF_STRUCTURE_WATER_TANK}::{WATERL_TANK_MATERIAL_LOCATION},100,DONE
12ae0e1688,F1,Routine maintenance appropriate to the tank material should be expected.,ADD,{F_ABOUT_ROOF_STRUCTURE}::{REPAIR_TANK_POOR_COVER},55,OPEN
0ea5773f72,F1,Leaking: The water tank is leaking or in disrepair.,TOKENISED,{F_ABOUT_ROOF_STRUCTURE}::{REPAIR_TANK},61,DONE
e1f6964975,F1,You should repair or replace this promptly to prevent further dampness and damage to nearby elements.,ADD,{F_OTHER}::{BASEMENT_SERIOUS_DAMP},55,OPEN
6195a07366,F1,"Water Tank Insulation: The water tank and associated pipework appear adequately insulated, partially insulated, uninsulated.",MENU,,0,UNVERIFIED
95d4444b0a,F1,Improving insulation may reduce the risk of freezing and heat loss.,EXACT,{F_ROOF_STRUCTURE_WATER_TANK}::{INSULATION_STATUS_NOT_ADEQUATELY_INSULATED},100,DONE
fa8063ab96,F1,"The absence of, or inadequate, insulation could result in condensation, dampness or leakage to the ceiling or surrounding areas.",MENU,,0,UNVERIFIED
af63e49447,F1,"Missing or Inadequate tank cover: The plastic, galvanised metal, asbestos, other cold water tank cover(s) are missing or inadequate.",MENU,,0,UNVERIFIED
ba3ea0223c,F1,This should be replaced soon.,EXACT,{F_ABOUT_ROOF_STRUCTURE}::{REPAIR_TANK_MISSING_COVER},100,DONE
c90ff3c6b8,F1,"Disused Water Tank: Plastic, galvanised steel, asbestos cement, other disused water storage tank(s) remain within the roof space.",MENU,,0,UNVERIFIED
4fbf64dbae,F1,Removal may be considered during future maintenance where it is no longer required.,EXACT,{F_ROOF_STRUCTURE_WATER_TANK}::{DISUSED_WATER_TANK},100,DONE
c2295e51ba,F1,"Timber defects: Localised distortion, splitting, cracking, notching, alterations, other were observed.",MENU,,0,UNVERIFIED
39a725290e,F1,Repairs or further investigation should be undertaken where structural adequacy is uncertain.,EXACT,{F_ABOUT_ROOF_STRUCTURE}::{REPAIR_TIMBER_STRUCTURE_SOON},100,DONE
6fdbe470c0,F1,"Timber Decay: Evidence of wet rot, dry rot, fungal decay, other timber decay was observed.",MENU,,0,UNVERIFIED
daa587f6fb,F1,The source of moisture should be identified and promptly rectified before repairs are undertaken.,ADD,{F_OTHER}::{BASEMENT_DAMP},68,OPEN
ee3f5415ac,F1,Ventilation to the roof space should be maintained to prevent conditions favourable to rot.,EXACT,{F_ABOUT_ROOF_STRUCTURE}::{REPAIR_INSECT_INFESTATION_NONE},100,DONE
3587bbf05b,F1,"Thin Timbers: Parts of the original timber structure are too small, and this could affect the stability of the roof structure.",EXACT,{F_ABOUT_ROOF_STRUCTURE}::{REPAIR_UNDERSIZE_TIMBER},100,DONE
b5f401fbdc,F1,You should ask an appropriately qualified person to inspect the roof and recommend a repair scheme.,EXACT,{F_ABOUT_ROOF_STRUCTURE}::{REPAIR_HEAVY_ROOF},100,DONE
85bfa33d60,F1,"Heavy tiles sagging: The roof covering is too heavy and has caused the roof structure to distort, sag, or cause nearby walls to crack.",MENU,,0,UNVERIFIED
cdd1558fd1,F1,You should ask an appropriately qualified person or roofing specialist to inspect the roof to determine the extent of the problem and specify any necessary remedial works.,ADD,{F_OTHER}::{BASEMENT_DAMP},65,OPEN
02c5210187,F1,"Spray foam insulation: Spray foam insulation has been applied to the underside of the roof, fully or partially concealing the roof structure and preventing a full inspection of the roof covering and timbers.",EXACT,{F_ABOUT_ROOF_STRUCTURE}::{SPRAY_FOAM_INSULATION},100,DONE
72696848d0,F1,"Consequently, I am unable to assess the condition of the concealed elements, and defects such as timber decay, wet rot, insect attack, or roof leaks may be hidden.",MENU,,0,UNVERIFIED
e1714cb2cd,F1,"Spray foam can restrict ventilation, trap moisture, and increase the risk of timber deterioration.",MENU,,0,UNVERIFIED
440bec4eb9,F1,"It may also adversely affect the property's mortgageability, insurability and future saleability, as many lenders and insurers require specialist reports or removal of the insulation before accepting the property.",MENU,,0,UNVERIFIED
2bc64484dd,F1,"Before committing to the purchase, you should: Obtain written confirmation from your mortgage lender and insurer that the property is acceptable.",EXACT,{F_ABOUT_ROOF_STRUCTURE}::{SPRAY_FOAM_INSULATION},100,DONE
77c19adcec,F1,Instruct an independent specialist to carry out an intrusive inspection and advise whether the spray foam should be removed.,EXACT,{F_ABOUT_ROOF_STRUCTURE}::{SPRAY_FOAM_INSULATION},100,DONE
8ab963a73f,F1,"Ensure that necessary remedial works or removal are completed, or that the cost is reflected in the purchase price.",EXACT,{F_ABOUT_ROOF_STRUCTURE}::{SPRAY_FOAM_INSULATION},100,DONE
a0ebccefa5,F1,"No opinion can be given on the condition of the concealed roof structure, and I cannot accept responsibility for defects hidden by the spray foam insulation.",EXACT,{F_ABOUT_ROOF_STRUCTURE}::{SPRAY_FOAM_INSULATION},100,DONE
1f8b8f4455,F1,No Wood-boring: No visible evidence of active wood-boring insect infestation was observed in the accessible roof timbers.,EXACT,{F_ABOUT_ROOF_STRUCTURE}::{REPAIR_INSECT_INFESTATION_NONE},100,DONE
84d86956cc,F1,"Roof space is intrinsically a dusty place, and such evidence may be concealed by dust and insulation.",EXACT,{F_ABOUT_ROOF_STRUCTURE}::{NO_INSECT_INFESTATION_FOUND},100,DONE
30244f2fd7,F1,Historic flight holes may be present and are not necessarily indicative of active infestation.,EXACT,{F_ABOUT_ROOF_STRUCTURE}::{REPAIR_INSECT_INFESTATION_NONE},100,DONE
eb0d8bbe20,F1,"Wood Boring Noted: Evidence of active, historic wood-boring insect activity was observed.",ADD,{F_ABOUT_ROOF_STRUCTURE}::{NO_INSECT_INFESTATION_FOUND},70,OPEN
edab239b48,F1,Further inspection by an appropriately qualified timber specialist is recommended where activity appears active or widespread.,UNRESOLVED,{F_ABOUT_ROOF_STRUCTURE}::{REPAIR_INSECT_INFESTATION_MINOR},66,OPEN
eb517e7a1a,F1,"Otherwise, for historic activity, further enquiries should be made to the vendor regarding its history, treatment work, and guarantee certificates.",MENU,,0,UNVERIFIED
3b55d2da82,F1,"Roof Movement: Evidence of deflection, sagging, spread, other was observed.",MENU,,0,UNVERIFIED
6e94a76470,F1,"Observed roof movement is normal, minor, significant, severe, presents a hazard, other.",MENU,,0,UNVERIFIED
ffd6d0deb8,F1,Further investigation by an appropriately qualified roofing contractor is recommended where movement appears significant or presents a hazard.,ADD,{F_ABOUT_ROOF_STRUCTURE}::{REPAIR_ROOF_SPREADING},69,OPEN
88d8bdb360,F1,"Structural Alterations: Evidence of structural alterations to the roof space was observed, including loft conversion, altered roof members, removed struts, trimmed rafters, replacement supports, additional timber supports, other alterations.",MENU,,0,UNVERIFIED
b9f8acf2aa,F1,The adequacy of structural support cannot be confirmed during a visual inspection.,EXACT,{F_ROOF_STRUCTURE}::{LOFT_CONVERTED_DEFECT},100,DONE
3cfe3a0527,F1,Your legal adviser should confirm that appropriate statutory approvals and completion certificates were obtained where applicable.,EXACT,{F_ROOF_STRUCTURE}::{LOFT_CONVERTED},100,DONE
4de8f6fd44,F1,"Chimney Breast Alterations: Evidence was observed that a chimney breast has been removed, partially removed, altered, rendered, other within the roof space.",MENU,,0,UNVERIFIED
00ba46237c,F1,Not inspected: Part of the chimney breast within the roof space has been removed.,EXACT,{F_ABOUT_ROOF_STRUCTURE}::{REPAIR_REMOVED_CHIMNEY_BREAST_NOT_INSPECTED},100,DONE
04b27668a9,F1,I could not confirm whether the remaining masonry is adequately supported due to limited visibility.,EXACT,{F_ABOUT_ROOF_STRUCTURE}::{REPAIR_REMOVED_CHIMNEY_BREAST_NOT_INSPECTED},100,DONE
16e474d2b9,F1,Inadequate support can compromise the building's structural stability.,EXACT,{F_ABOUT_ROOF_STRUCTURE}::{REPAIR_REMOVED_CHIMNEY_BREAST_NOT_INSPECTED},100,DONE
db4983744d,F1,Your legal adviser should confirm that the necessary Building Regulations approval was obtained.,EXACT,{F_ABOUT_ROOF_STRUCTURE}::{REPAIR_REMOVED_CHIMNEY_BREAST_NOT_INSPECTED},100,DONE
c1af2d11eb,F1,"If this cannot be confirmed, or there is any doubt about the adequacy of the support, you should instruct a suitably qualified professional to inspect the remaining structure and provide recommendations before committing to the purchase.",MENU,,0,UNVERIFIED
8c1b027c3b,F1,"Adequate support: Part of the chimney breast within the roof space of this property has been removed, and the remaining structure appears to be properly supported.",EXACT,{F_REPAIR_REMOVED_CHIMNEY_BREAST_INSPECTED}::{INSPECTED_OK},100,DONE
5789da242f,F1,Your legal adviser should confirm that the necessary Building Regulations approval was obtained for this work.,EXACT,{F_REPAIR_REMOVED_CHIMNEY_BREAST_INSPECTED}::{INSPECTED_OK},100,DONE
624ca718d8,F1,"If approval cannot be confirmed, you should instruct a suitably qualified professional to inspect the structure and provide a report with any necessary recommendations as soon as possible.",EXACT,{F_REPAIR_REMOVED_CHIMNEY_BREAST_INSPECTED}::{INSPECTED_OK},100,DONE
377aa79ed3,F1,"Poor support: Part of the chimney breast within the roof space of this property has been removed, and the remaining structure does not appear to be properly supported.",EXACT,{F_REPAIR_REMOVED_CHIMNEY_BREAST_INSPECTED}::{POOR_SUPPORT},100,DONE
5789da242f,F1,Your legal adviser should confirm that the necessary Building Regulations approval was obtained for this work.,EXACT,{F_REPAIR_REMOVED_CHIMNEY_BREAST_INSPECTED}::{INSPECTED_OK},100,DONE
624ca718d8,F1,"If approval cannot be confirmed, you should instruct a suitably qualified professional to inspect the structure and provide a report with any necessary recommendations as soon as possible.",EXACT,{F_REPAIR_REMOVED_CHIMNEY_BREAST_INSPECTED}::{INSPECTED_OK},100,DONE
4673fe85c2,F1,"Add text to: Section J1 - Risk to building - Part of the chimney breast within the roof space of this property has been removed, and the remaining structure does not appear to be properly supported.",EXACT,{F_REPAIR_REMOVED_CHIMNEY_BREAST_INSPECTED}::{POOR_SUPPORT},100,DONE
2672b803fd,F1,"Risk of collapse: Part of the chimney breast within the roof space has been removed, and the remaining structure is not properly supported and is at risk of collapse.",EXACT,{F_REPAIR_REMOVED_CHIMNEY_BREAST_INSPECTED}::{RISK_TO_COLLAPSE},100,DONE
cc4fd1071f,F1,You should ask your legal adviser to check if the local authority gave permission for this work.,EXACT,{F_REPAIR_REMOVED_CHIMNEY_BREAST_INSPECTED}::{RISK_TO_COLLAPSE},100,DONE
9809a74c55,F1,"Further, you should instruct a suitably qualified professional to inspect the structure and provide a report with any necessary recommendations as soon as possible.",EXACT,{F_REPAIR_REMOVED_CHIMNEY_BREAST_INSPECTED}::{RISK_TO_COLLAPSE},100,DONE
17b3840da2,F1,"Add text to: Section J1 - Risk to building - Part of the chimney breast within the roof space has been removed, and the remaining structure is not properly supported and is at risk of collapse.",EXACT,{F_REPAIR_REMOVED_CHIMNEY_BREAST_INSPECTED}::{RISK_TO_COLLAPSE},100,DONE
cb8195c405,F1,"Add text to: Section I1 - Regulation - Part of the chimney breast within the roof space has been removed, and the remaining structure is not properly supported and is at risk of collapse.",EXACT,{F_REPAIR_REMOVED_CHIMNEY_BREAST_INSPECTED}::{RISK_TO_COLLAPSE},100,DONE
8f82c6696a,F1,Minor Chimney Damp: Minor dampness from water penetration was noted to the rendered chimney breast within the roof space.,EXACT,{F_REPAIR_REMOVED_CHIMNEY_BREAST_INSPECTED}::{DAMP_CHIMNEY},100,DONE
f318513d4d,F1,"This is not uncommon in a property of this age and construction, as a damp-proof course would not normally have been provided to the chimney.",EXACT,{F_REPAIR_REMOVED_CHIMNEY_BREAST_INSPECTED}::{DAMP_CHIMNEY},100,DONE
43e1e7790b,F1,The moisture is likely to have been exacerbated by defects in the flashing where the roof abuts the chimney stack.,ADD,{F_REPAIR_REMOVED_CHIMNEY_BREAST_INSPECTED}::{DAMP_CHIMNEY},64,OPEN
50b6a2f1a8,F1,"This is not considered a significant concern at present, but the flashing should be inspected and repaired if necessary, during routine roof maintenance or when the roof covering is next renewed.",MENU,,0,UNVERIFIED
9305d49bb0,F1,"Party Wall Partially missing: The party wall within the roof space is incomplete, leaving gaps that could allow fire to spread between this and the neighbouring property.",EXACT,{F_ABOUT_ROOF_STRUCTURE}::{REPAIR_PARTY_WALL_PROBLEM_PARTLY_MISSING},100,DONE
285926026a,F1,The wall should be extended to the underside of the roof covering and all gaps suitably fire-stopped as soon as possible.,EXACT,{F_ABOUT_ROOF_STRUCTURE}::{REPAIR_PARTY_WALL_PROBLEM_PARTLY_MISSING},100,DONE
0265fe094c,F1,As the party wall may be subject to legal rights and obligations under the Party Wall etc.,EXACT,{F_ABOUT_ROOF_STRUCTURE}::{REPAIR_PARTY_WALL_PROBLEM_LARGELY_MISSING},100,DONE
756796faff,F1,"Act 1996, you should consult your legal adviser before arranging any works, particularly where the proposed work may affect the adjoining property.",EXACT,{F_ABOUT_ROOF_STRUCTURE}::{REPAIR_PARTY_WALL_PROBLEM_LARGELY_MISSING},100,DONE
2fb47d46a7,F1,"Largely missing: The party wall within the roof space is missing, creating a risk of fire spread between this and the neighbouring property and reducing security between the properties.",EXACT,{F_ABOUT_ROOF_STRUCTURE}::{REPAIR_PARTY_WALL_PROBLEM_LARGELY_MISSING},100,DONE
30887ed484,F1,The wall should be rebuilt to the underside of the roof covering and all gaps appropriately fire-stopped without delay.,EXACT,{F_ABOUT_ROOF_STRUCTURE}::{REPAIR_PARTY_WALL_PROBLEM_LARGELY_MISSING},100,DONE
0265fe094c,F1,As the party wall may be subject to legal rights and obligations under the Party Wall etc.,EXACT,{F_ABOUT_ROOF_STRUCTURE}::{REPAIR_PARTY_WALL_PROBLEM_LARGELY_MISSING},100,DONE
756796faff,F1,"Act 1996, you should consult your legal adviser before arranging any works, particularly where the proposed work may affect the adjoining property.",EXACT,{F_ABOUT_ROOF_STRUCTURE}::{REPAIR_PARTY_WALL_PROBLEM_LARGELY_MISSING},100,DONE
1a5aa6365d,F1,"Evidence of Water Penetration: Water staining or dampness was observed on roof timbers, underlay, or adjacent structural elements.",MENU,,0,UNVERIFIED
d983e8c85c,F1,The source should be identified and repaired to prevent further deterioration.,EXACT,{F_ABOUT_ROOF_STRUCTURE}::{EVIDENCE_WATER_PENETRATION},100,DONE
1bc0458786,F1,Capped Soil Vent Pipe: A capped soil and vent pipe was noted terminating within the roof space.,EXACT,{F_ABOUT_ROOF_STRUCTURE}::{CAPPED_SOIL_VENT_PIPE},100,DONE
06d111a535,F1,"This arrangement is not considered appropriate, as any leakage or escape of foul gases could discharge into the roof space.",EXACT,{F_ABOUT_ROOF_STRUCTURE}::{CAPPED_SOIL_VENT_PIPE},100,DONE
b3f524b94e,F1,The pipe should be inspected by a suitably qualified plumber to establish its purpose and condition.,EXACT,{F_ABOUT_ROOF_STRUCTURE}::{CAPPED_SOIL_VENT_PIPE},100,DONE
1177bcd90f,F1,"Where it forms part of the drainage ventilation system, it should be appropriately extended and terminated to the outside air in accordance with current requirements.",EXACT,{F_ABOUT_ROOF_STRUCTURE}::{CAPPED_SOIL_VENT_PIPE},100,DONE
544ec94811,F1,Any redundant pipework should be removed or suitably sealed.,EXACT,{F_ABOUT_ROOF_STRUCTURE}::{CAPPED_SOIL_VENT_PIPE},100,DONE
92d1002e22,F1,General Maintenance: Roof spaces should remain adequately ventilated and free from unnecessary stored items that may restrict inspection or ventilation.,EXACT,{F_ABOUT_ROOF_STRUCTURE}::{DEFAULT_TEXT_IF_FLAT},100,DONE
0db4d9bee4,F1,Roof timbers should be inspected whenever significant roofing works are undertaken.,EXACT,{F_ABOUT_ROOF_STRUCTURE}::{NO_INSECT_INFESTATION_FOUND},100,DONE
93f0549eae,F1,Prompt attention to water penetration will reduce the risk of timber decay and associated structural deterioration.,ADD,{F_ABOUT_ROOF_STRUCTURE}::{NO_INSECT_INFESTATION_FOUND},65,OPEN
04a5b8beac,F1,"If the Property is a Flat, add this.",MENU,,0,UNVERIFIED
502ad9fbbc,F1,You should ask the management company whether any repairs to the roof structure have been carried out previously or are currently proposed.,ADD,{F_ABOUT_ROOF_STRUCTURE}::{DEFAULT_TEXT_IF_FLAT},69,OPEN
965d19b3ce,F1,"Your legal adviser should confirm responsibility for repairs to the rainwater goods with the management company and ensure that an adequate sinking or reserve fund is in place to meet the cost of future repairs or replacement, should the need arise.",EXACT,{E_RAINWATER_GOODS_ABOUT}::{RWG_IF_PROPERTY_FLAT_SELECTED},100,DONE
f56c8befe8,F1,This may help reduce the risk of unexpected repair costs or increases in the service charge.,EXACT,{E_CHIMNEY_REPAIR_DEFAULT_TEXT}::{DEFAULT_TEXT_FLAT},100,DONE
9394cf62bc,F2,The ceilings have been inspected from within the rooms only.,TOKENISED,{F_CEILINGS}::{ABOUT_FINISHES},64,DONE
fc83754e97,F2,No opening up or destructive investigation has been undertaken.,EXACT,{E_MAIN_WALLS}::{STANDARD_TEXT},100,DONE
6632c80c6c,F2,"Description: The ceilings are formed in plaster, plasterboard, lath and plaster, other ceilings.",MENU,,0,UNVERIFIED
203105ebf1,F2,"The ceiling finishes comprise painted, textured coating, papered, timber-clad, tiled, wallpapered, decorative panelled, other finishes.",MENU,,0,UNVERIFIED
aba7f2b69e,F2,"Condition: Where visible, the ceilings appear in good, reasonable, fair, poor, very poor condition, consistent with their age and construction.",MENU,,0,UNVERIFIED
68669c64db,F2,No defects noted: No significant defects requiring immediate attention were identified unless otherwise stated below.,EXACT,{E_CHIMNEY_MULTI_STACK}::{CONDITION},100,DONE
3c9f7e4745,F2,Routine maintenance appropriate to the ceiling material should be expected.,EXACT,{F_CEILINGS}::{ABOUT_CONDITION},100,DONE
893dc7c293,F2,"If lath and plaster is selected, add this - The ceilings are fully or partially made of older plaster supported on thin wooden strips (called 'lath and plaster'), typical of properties built before the 1940s.",EXACT,{F_CEILINGS}::{IF_LATH_AND_PLASTER_IS_SELECTED},100,DONE
908778fdcc,F2,"While no significant defects were noted at the time of inspection, these ceilings can deteriorate with age as the plaster loses its bond with the timber laths.",EXACT,{F_CEILINGS}::{IF_LATH_AND_PLASTER_IS_SELECTED},100,DONE
9a140e5097,F2,"They are susceptible to vibration and disturbance, and localised repairs are likely to be required over time, particularly during redecoration or alteration works.",MENU,,0,UNVERIFIED
1321e12272,F2,"Repairs can be difficult and may dislodge adjacent plaster, making complete ceiling replacement more economical in some cases.",EXACT,{F_CEILINGS}::{IF_LATH_AND_PLASTER_IS_SELECTED},100,DONE
62e56108fa,F2,"If textured coating is selected, add this - Parts of the ceilings within the property may contain asbestos-containing materials.",EXACT,{F_CEILINGS}::{IF_TEXTURED_IS_SELECTED},100,DONE
73628fcd23,F2,"In their current condition, these are not normally considered a significant risk if left undisturbed.",EXACT,{F_CEILINGS}::{IF_TEXTURED_IS_SELECTED},100,DONE
73c31ddfdb,F2,"However, they should not be drilled, sanded, cut, or otherwise disturbed without appropriate precautions.",MENU,,0,UNVERIFIED
4e928ba24c,F2,"If future refurbishment or replacement is planned, the material should be assessed beforehand and, if asbestos is confirmed, removed by a licensed contractor.",MENU,,0,UNVERIFIED
47678e3b9f,F2,This can add significantly to the cost of future works.,EXACT,{F_CEILINGS}::{IF_TEXTURED_IS_SELECTED},100,DONE
cd34897c1f,F2,Minor cracking: Minor shrinkage or settlement cracking was observed in the ceiling finishes.,TOKENISED,{F_CEILINGS}::{CRACKS},88,DONE
688273086b,F2,Such cracking is common in properties of this age and type and is not considered structurally significant.,EXACT,{F_CEILINGS}::{CRACKS},100,DONE
b4cf688653,F2,The cracks may be adequately filled with appropriate material and redecorated during routine maintenance.,EXACT,{F_CEILINGS}::{CRACKS},100,DONE
b2fe195afd,F2,Significant cracking: Significant cracking was observed in parts of the ceilings.,TOKENISED,{F_CEILINGS}::{CRACKS},62,DONE
d86294d2fc,F2,Further investigation is recommended where cracking appears progressive or is associated with distortion.,ADD,{F_CEILINGS}::{HEAVY_PAPER_LINING},50,OPEN
8e61704d4b,F2,"Minor unevenness: Minor bowing, undulations, unevenness, other were noted on the ceiling surfaces.",MENU,,0,UNVERIFIED
77411f67f5,F2,These are not uncommon in properties of this age and do not necessarily indicate structural movement.,ADD,{F_CEILINGS}::{CRACKS},66,OPEN
840a171ce1,F2,"Significant unevenness: Significant bowing, undulations, unevenness, other were noted on the ceiling surfaces.",MENU,,0,UNVERIFIED
86c879b27b,F2,Further investigation should be undertaken where structural movement is suspected.,ADD,{F_CEILINGS}::{STANDARD_TEXT},49,OPEN
b8624c578f,F2,"Wet water staining: Localised water staining was noted to the ceiling in the lounge, dining room, bedroom, kitchen, bathroom, other.",MENU,,0,UNVERIFIED
80e31bc223,F2,"The moisture is suspected to originate from the loft space, roof, bathroom, floor above, another concealed source.",MENU,,0,UNVERIFIED
f44bad3480,F2,The source of the leak should be identified and repaired before the affected ceilings are redecorated.,ADD,{F_CEILINGS}::{IF_TEXTURED_IS_SELECTED},50,OPEN
32d078fa0b,F2,"Dry water staining: Localised water staining was noted on the ceiling in the lounge, dining room, bedroom, kitchen, bathroom, other.",MENU,,0,UNVERIFIED
14aea1cc32,F2,Damage consistent with previous water penetration was observed.,ADD,{F_CEILINGS}::{CRACKS},52,OPEN
88c79f288e,F2,"Although the affected area appears dry at the time of inspection, repairs and redecoration should be undertaken as required.",ADD,{F_CEILINGS}::{IF_LATH_AND_PLASTER_IS_SELECTED},52,OPEN
a72ae31d35,F2,"Polystyrene Ceiling Tiles: Parts of the ceilings are covered with polystyrene tiles, which present a fire safety risk.",EXACT,{F_CEILINGS}::{POLYSTYRENE},100,DONE
580e55b18f,F2,"Polystyrene is highly flammable and, if ignited, can contribute to the rapid spread of fire while releasing dense, toxic smoke and harmful fumes that can significantly increase the risk to occupants.",MENU,,0,UNVERIFIED
9684961dcf,F2,"Although these tiles may have been acceptable when installed, they no longer meet modern fire safety expectations.",EXACT,{F_CEILINGS}::{POLYSTYRENE},100,DONE
b1e5468587,F2,They should be removed as soon as practicable by a competent contractor.,EXACT,{F_CEILINGS}::{POLYSTYRENE},100,DONE
55a9329665,F2,"Be aware that removal may damage the underlying ceiling, particularly if the tiles have been firmly bonded, and repairs or complete replacement of the ceiling finish may be required.",MENU,,0,UNVERIFIED
ffb8e8e433,F2,"Heavy decorative covering: The ceilings are covered with heavy lining paper, decorative finishes, or similar coverings.",MENU,,0,UNVERIFIED
f5411db7d3,F2,"No significant defects were evident at the time of inspection; however, these finishes can conceal minor cracking or other imperfections.",EXACT,{F_CEILINGS}::{HEAVY_PAPER_LINING},100,DONE
b74ab6710f,F2,"Their removal during future redecoration may damage the underlying plaster, and you should allow for localised repairs or re-plastering.",EXACT,{F_CEILINGS}::{HEAVY_PAPER_LINING},100,DONE
07abc27299,F2,"Ornamental plaster repair: The ceiling incorporates ornamental plaster features, some of which were found to be loose, cracked, damaged, unstable, partially missing, other.",MENU,,0,UNVERIFIED
ff04db10e7,F2,"These defects present a safety hazard, as sections may become detached and fall.",EXACT,{F_CEILINGS}::{ORNAMENTAL_PLASTER},100,DONE
cff6a1657f,F2,A suitably qualified plastering contractor should inspect the affected areas and carry out appropriate repairs or replacement without delay.,EXACT,{F_CEILINGS}::{ORNAMENTAL_PLASTER},100,DONE
f2897ecc31,F2,"Localised repairs may be possible; however, where deterioration is extensive, complete replacement of the affected ornamental plasterwork may be necessary, resulting in more extensive and costly remedial works.",MENU,,0,UNVERIFIED
5e24ca9b59,F2,"General Maintenance: Ceilings should be inspected periodically for signs of cracking, distortion, or water penetration.",MENU,,0,UNVERIFIED
5d604c1b54,F2,"Prompt repair of roof leaks, plumbing defects and condensation problems will reduce the likelihood of damage to internal ceiling finishes.",ADD,{F_CEILINGS}::{IF_LATH_AND_PLASTER_IS_SELECTED},45,OPEN
cfb7ca7d14,F2,Routine redecoration should be expected throughout the normal life of the property.,ADD,{F_CEILINGS}::{HEAVY_PAPER_LINING},47,OPEN
a2083eafe5,F3,"My inspection was limited by fixed furniture, kitchen units, bathroom fittings, large appliances, stored items, tiled finishes, decorative wall coverings, and fitted cupboards, which prevented full inspection of the concealed areas.",MENU,,0,UNVERIFIED
a216f2ab7e,F3,"The condition of hidden wall construction, lintels, structural supports, and other concealed elements could not be confirmed without opening the structure, which is outside the scope of a Level 2 Home Survey.",MENU,,0,UNVERIFIED
0c6267491c,F3,"No comment can be made on the condition of these concealed areas, and defects may exist that were not visible at the time of my inspection.",ADD,{F_WALLS_AND_PARTITIONS}::{IF_LATH_AND_PLASTER_IS_SELECTED},49,OPEN
c50e44f24a,F3,"Description: The walls are formed in solid masonry, timber stud partitions, plasterboard partitions, lath and plaster, other construction.",MENU,,0,UNVERIFIED
2b96c3d542,F3,"The wall finish comprises paint, plaster, wallpaper, tiling, timber panelling, textured coating, decorative panelling, other finishes.",MENU,,0,UNVERIFIED
e19589b9f3,F3,"Condition: Where visible, the walls and partitions appear in good, reasonable, fair, poor, very poor condition, consistent with their age and construction.",MENU,,0,UNVERIFIED
9453533e6b,F3,Routine redecoration appropriate to the age and condition of the property should be expected.,EXACT,{F_WALLS_AND_PARTITIONS}::{WALL_FINISHES},100,DONE
444ee8a699,F3,No defects noted: No significant defects requiring immediate attention were identified unless otherwise stated below.,EXACT,{E_CHIMNEY_MULTI_STACK}::{CONDITION},100,DONE
54ae15774f,F3,Routine maintenance appropriate to the wall material should be expected.,EXACT,{F_WALLS_AND_PARTITIONS}::{WALL_CONDITION},100,DONE
e77621e54d,F3,"If lath and plaster is selected, add this - The walls are fully or partially made of older plaster supported on thin wooden strips, called lath and plaster, typical of properties built before the 1940s.",MENU,,0,UNVERIFIED
9413100427,F3,"While no significant defects were noted at the time of inspection, these walls can deteriorate with age as the plaster loses its bond with the timber laths.",EXACT,{F_WALLS_AND_PARTITIONS}::{IF_LATH_AND_PLASTER_IS_SELECTED},100,DONE
121c787bff,F3,"If textured coating is selected, add this - Some internal walls have a textured decorative coating, which may contain small amounts of asbestos.",EXACT,{F_WALLS_AND_PARTITIONS}::{IF_TEXTURED_IS_SELECTED},100,DONE
48ae4d5fa7,F3,"If disturbed during repair, refurbishment or removal, asbestos fibres could be released and present a health risk.",MENU,,0,UNVERIFIED
38a1d4d32e,F3,"Before undertaking any work that may disturb the coating, you should consider having it assessed and, if asbestos is confirmed or suspected, ensure any work is carried out by a suitably competent contractor in accordance with current guidance.",MENU,,0,UNVERIFIED
caa31a3f25,F3,Minor cracking: Minor shrinkage or settlement cracking was observed in the wall finishes.,ADD,{F_WALLS_AND_PARTITIONS}::{REPAIRS_REMOVED_WALL_OK},60,OPEN
a5782458e2,F3,Such cracking is common in properties of this age and type and is not considered structurally significant.,EXACT,{F_CEILINGS}::{CRACKS},100,DONE
24e42ab96c,F3,The cracks may be adequately filled with appropriate material and redecorated during routine maintenance.,EXACT,{F_CEILINGS}::{CRACKS},100,DONE
232fc1838b,F3,Significant cracking: Significant cracking was observed on some of the walls.,ADD,{F_WALLS_AND_PARTITIONS}::{REPAIRS_REMOVED_WALL_OK},50,OPEN
193fc2cd34,F3,Further investigation is recommended where cracking appears progressive or is associated with distortion.,ADD,{F_WALLS_AND_PARTITIONS}::{REPAIRS_CONDENSATION_NOTED},49,OPEN
c33bcb4ad5,F3,"Structural Movement: Evidence of historic, localised, progressive movement was observed.",MENU,,0,UNVERIFIED
7e3661a255,F3,"Where movement appears progressive or structurally significant, further investigation by an appropriately qualified structural engineer is recommended before legal commitment.",EXACT,{RISK_TO_BUILDING}::{BUILDING_MOVEMENTS_STATUS_INVESTIGATE},100,DONE
3ec8d5d466,F3,Hollow Plaster: Localised areas of hollow-sounding plaster were noted.,EXACT,{F_WALLS_AND_PARTITIONS}::{IF_HOLLOW_IS_SELECTED},100,DONE
8ea7aa544d,F3,This usually indicates that the plaster has lost adhesion to the underlying surface.,EXACT,{F_WALLS_AND_PARTITIONS}::{IF_HOLLOW_IS_SELECTED},100,DONE
f95f37efc6,F3,"Although stable at the time of inspection, affected areas may become loose or detached over time.",EXACT,{F_WALLS_AND_PARTITIONS}::{IF_HOLLOW_IS_SELECTED},100,DONE
22c324b22c,F3,"Localised repairs may be possible; however, where deterioration is more extensive, or the plaster becomes unstable, it may be more practical and cost-effective to remove and replace the affected section.",MENU,,0,UNVERIFIED
d398f61866,F3,"Repairs can be undertaken as part of routine maintenance or redecoration, as necessary.",EXACT,{F_WALLS_AND_PARTITIONS}::{IF_HOLLOW_IS_SELECTED},100,DONE
cffb83972a,F3,"Condensation: Evidence of condensation and localised mould growth was observed on wall surfaces, ceilings or window reveals, in the lounge, bedrooms, bathrooms, kitchens, other area(s).",MENU,,0,UNVERIFIED
c054c7a162,F3,"Condensation is commonly associated with occupancy patterns, heating, insulation, and ventilation.",MENU,,0,UNVERIFIED
12a8c85c12,F3,Maintaining a suitable balance between heating and ventilation should assist in reducing condensation.,EXACT,{F_WALLS_AND_PARTITIONS}::{REPAIRS_CONDENSATION_NONE},100,DONE
4fbbacc2ad,F3,"Extractor fans may be installed, and windows opened regularly.",EXACT,{F_WALLS_AND_PARTITIONS}::{REPAIRS_CONDENSATION_NOTED},100,DONE
8b189164b2,F3,No Damp: Random moisture readings were taken to accessible wall surfaces using a hand-held electronic moisture meter.,TOKENISED,{F_WALLS_AND_PARTITIONS}::{DAMPNESS_NOTED},65,DONE
fcc69efea0,F3,No elevated moisture readings were recorded at the time of inspection.,ADD,{F_WALLS_AND_PARTITIONS}::{REPAIRS_REMOVED_WALL_OK},57,OPEN
29dc8424f3,F3,Penetrating damp noted: Elevated moisture readings were recorded to sections of the wall surfaces including the (type wall location).,ADD,{F_WALLS_AND_PARTITIONS}::{IF_TILED_IS_SELECTED},53,OPEN
02a8e38860,F3,"Where there are built-in fitments such as kitchen fittings, dampness can be difficult to trace but costly and inconvenient to rectify.",EXACT,{F_WALLS_AND_PARTITIONS}::{DAMPNESS_NONE},100,DONE
7828ef7de4,F3,"Damp source known: Dampness was noted and is likely to result from defective rainwater goods, blocked gullies, leaking pipework, bridged damp-proof course, other.",MENU,,0,UNVERIFIED
898b061f40,F3,"Where remedial action(s) have not been included in this report, it is recommended that a suitably qualified damp specialist investigates the cause and carries out any necessary repairs.",ADD,{F_WALLS_AND_PARTITIONS}::{REPAIRS_REMOVED_WALL_REPAIR},49,OPEN
0753d60495,F3,"This may require opening concealed areas, with the owner's agreement.",ADD,{F_WALLS_AND_PARTITIONS}::{IF_HOLLOW_OVER_LARGE_AREA_IS_SELECTED},51,OPEN
524ec90d70,F3,"Associated remedial works may also be required, including replacing damaged plaster and repairing or renewing decayed timber.",ADD,{F_WALLS_AND_PARTITIONS}::{CAUSES_KNOWN},52,OPEN
9db3a3494a,F3,"Repair Damp defect: The source of dampness should be addressed by repairing the identified defects, which may include clearing rainwater goods, repairing defective rainwater goods, unblocking gullies, repairing leaking pipework, removing any bridging of the damp-proof course, other as appropriate.",MENU,,0,UNVERIFIED
f8777c94f2,F3,"Once the source of moisture has been eliminated, any affected internal finishes should be allowed to dry thoroughly before being repaired or replaced.",ADD,{F_WALLS_AND_PARTITIONS}::{REPAIRS_REMOVED_WALL_REPAIR},47,OPEN
a547f5a3ff,F3,"If dampness persists after these repairs, further investigation by a suitably qualified damp and timber specialist should be undertaken to identify any concealed defects and recommend any additional remedial works.",ADD,{F_WALLS_AND_PARTITIONS}::{NOT_INSPECTED},46,OPEN
95208e83c6,F3,These repairs should be carried out promptly to minimise the risk of further deterioration.,ADD,{F_WALLS_AND_PARTITIONS}::{IF_HOLLOW_IS_SELECTED},48,OPEN
4e725be305,F3,Unknown damp source: The source of moisture cannot be confirmed during a visual inspection.,EXACT,{F_WALLS_AND_PARTITIONS}::{CAUSES_KNOWN},100,DONE
4e726daa62,F3,Further investigation should be undertaken where moisture levels remain elevated or visible dampness is present.,ADD,{F_WALLS_AND_PARTITIONS}::{IF_HOLLOW_IS_SELECTED},48,OPEN
78f332e1dc,F3,"Suspected rising damp: Elevated moisture readings were recorded at the base of the wall(s), consistent with possible rising damp, including the (type wall location).",MENU,,0,UNVERIFIED
a045ed6b68,F3,"Where fitted units, such as kitchen cabinets, conceal wall surfaces, the extent of dampness cannot be fully assessed, and any necessary remedial works may be more extensive and costly.",MENU,,0,UNVERIFIED
c1dcfdf363,F3,I recommend further investigation by a suitably qualified damp specialist to confirm the cause and advise on any necessary repairs.,ADD,{F_WALLS_AND_PARTITIONS}::{CAUSES_KNOWN},49,OPEN
f6202283cd,F3,"Internal Alterations: Evidence was observed that an internal wall has been removed, partially removed, altered, new opening created, has been formed.",MENU,,0,UNVERIFIED
5bf2a90138,F3,"Where an internal wall has been removed or altered, other parts of the property must be properly supported.",EXACT,{F_WALLS_AND_PARTITIONS}::{REPAIRS_REMOVED_WALL_OK},100,DONE
444ee8a699,F3,No defects noted: No significant defects requiring immediate attention were identified unless otherwise stated below.,EXACT,{E_CHIMNEY_MULTI_STACK}::{CONDITION},100,DONE
88b17e901a,F3,Routine maintenance appropriate to the building material should be expected.,FIX,{F_WALLS_AND_PARTITIONS}::{WALL_CONDITION},93,OPEN
bb79b43c15,F3,Defects noted: An original internal wall has been removed to form an opening at (type in location).,ADD,{F_WALLS_AND_PARTITIONS}::{REPAIRS_REMOVED_WALL_OK},59,OPEN
98f3a42186,F3,"Distortion, cracking, inadequate support, other issues were noted around the altered area.",MENU,,0,UNVERIFIED
488a15c703,F3,"While no significant progressive movement was evident at the time of inspection, the structural adequacy of the alteration cannot be confirmed during a visual inspection.",ADD,{F_WALLS_AND_PARTITIONS}::{REPAIRS_REMOVED_WALL_REPAIR},60,OPEN
a4276d9dd1,F3,Your legal adviser should verify that Building Regulations approval and a completion certificate were obtained for the work.,FIX,{F_WALLS_AND_PARTITIONS}::{REPAIRS_REMOVED_WALL_REPAIR},72,OPEN
caf0afc19e,F3,"If satisfactory documentation is unavailable, I recommend further investigation by a suitably qualified structural engineer.",ADD,{F_WALLS_AND_PARTITIONS}::{IF_STUD_WALL_AND_CRACKED_OR_BADLY_CRACKED_IS_SELECTED},48,OPEN
61f1db4e4b,F3,"This may require opening parts of the structure, with the owner's agreement, to confirm that adequate support has been provided.",ADD,{F_WALLS_AND_PARTITIONS}::{REPAIRS_REMOVED_WALL_OK},49,OPEN
e413b6e205,F3,"General Maintenance: Internal walls should be inspected periodically for signs of cracking, dampness, or movement.",MENU,,0,UNVERIFIED
a8af214a2c,F3,Minor cracking and decorative defects should be repaired during routine maintenance.,ADD,{F_WALLS_AND_PARTITIONS}::{IF_STUD_WALL_AND_CRACKED_OR_BADLY_CRACKED_IS_SELECTED},60,OPEN
290a777966,F3,Maintaining adequate heating and ventilation will assist in reducing the risk of condensation and mould growth.,ADD,{F_WALLS_AND_PARTITIONS}::{REPAIRS_CONDENSATION_NONE},71,OPEN
99303d03b3,F4,"The condition of concealed floor timbers, floor voids, joists, sleeper walls, and foundations cannot be confirmed without lifting floor finishes or opening the structure.",MENU,,0,UNVERIFIED
61dae8d3f2,F4,Only the visible performance of the floors was assessed during normal use.,ADD,{F_FLOORS}::{REPAIR_UNEVEN_FLOOR_MINOR},54,OPEN
12891e1ec0,F4,"The inspection was limited by fitted floor coverings, furniture, stored items, fixed kitchen units, bathroom fittings, or restricted access.",MENU,,0,UNVERIFIED
8531eb90d7,F4,The floor construction has been inspected from within the property only.,EXACT,{F_FLOORS}::{STANDARD_TEXT},100,DONE
99081d4ec1,F4,"Floor coverings were not lifted, and no opening up or destructive investigation was undertaken.",EXACT,{F_FLOORS}::{STANDARD_TEXT},100,DONE
791d28859b,F4,"Description: The floors are formed in solid concrete, suspended timber, beam and block, other construction.",MENU,,0,UNVERIFIED
ef275b7896,F4,"The floor finishes comprise floorboards, carpet, tiles, ceramic tiles, laminate flooring, wood flooring, vinyl, stone tiles, other finishes.",MENU,,0,UNVERIFIED
e0a8883db7,F4,"Condition: Where visible, the floors appear in good, reasonable, fair, poor, very poor condition, consistent with their age and construction.",MENU,,0,UNVERIFIED
096e3f741d,F4,No defects noted: No significant defects requiring immediate attention were identified unless otherwise stated below.,EXACT,{E_CHIMNEY_MULTI_STACK}::{CONDITION},100,DONE
6a0d7726da,F4,Routine maintenance appropriate to the flooring material should be expected.,EXACT,{F_FLOORS}::{FLOOR_CONDITION},100,DONE
f023f5a213,F4,"No Creaking floor: I walked over the accessible suspended floor surfaces and found them to be firm and level underfoot, with no evidence of excessive springiness or distortion.",EXACT,{F_FLOORS}::{CREAKING_NONE},100,DONE
0b1461d5b6,F4,"This is based on a visual inspection only, and the condition of concealed floor timbers cannot be confirmed without opening up the structure.",EXACT,{F_FLOORS}::{CREAKING_NONE},100,DONE
eed6c2698f,F4,Creaking floor noted: I walked over the accessible suspended floor surfaces and found them to be firm underfoot.,EXACT,{F_FLOORS}::{CREAKING_NOTED},100,DONE
440ffd3d58,F4,Localised creaking and minor unevenness were noted in parts of the floors and/or stairs.,TOKENISED,{F_FLOORS}::{CREAKING_NOTED},74,DONE
ffb1dcbe70,F4,"These are not uncommon in properties of this age, and, at the time of inspection, there was no evidence of excessive springiness or significant distortion suggestive of structural failure.",MENU,,0,UNVERIFIED
cf4b56dbf6,F4,This is associated with normal shrinkage or movement between floorboards and joists.,EXACT,{F_FLOORS}::{CREAKING_NOTED},100,DONE
109a9bab1e,F4,Repairs may be undertaken as part of routine maintenance.,EXACT,{F_FLOORS}::{CREAKING_NOTED},100,DONE
6bdf1e0f28,F4,"Repair timber floor: The timber floor to the lounge, bedroom, kitchen, bathroom, hallway, other is broken, poorly supported, uneven, springy, loose, sloping, incomplete, damp, insect infested, rotten, poorly ventilated, others, and the defect(s) is considered minor, significant.",MENU,,0,UNVERIFIED
dcbb7cb79b,F4,"This is common with floors of this age and construction, and these should be repaired soon.",EXACT,{F_FLOORS}::{FLOOR_REPAIR_SOON},100,DONE
d80983e0e9,F4,"However, where the defect is significant, repair must be carried out promptly by a qualified professional.",MENU,,0,UNVERIFIED
103a059cb9,F4,"No Cracked Tiles: The floor tiles appear in good, reasonable, fair, poor, very poor condition.",MENU,,0,UNVERIFIED
39bc540978,F4,"Where visible, the floor tiles in the kitchen, utility room, bathroom, toilet, conservatory, porch, other areas showed no evidence of cracking at the time of my inspection.",MENU,,0,UNVERIFIED
58e9030aff,F4,No repairs are currently required.,EXACT,{F_FLOORS}::{REPAIR_SLOPING_FLOOR_NO_ISSUE},100,DONE
c45e780b68,F4,Routine maintenance only is recommended.,ADD,{F_FLOORS}::{FLOOR_CONDITION},53,OPEN
f4813cf0b6,F4,"Cracked Tiles: Localised cracked, loose, damaged floor tiles to the kitchen, utility room, bathroom, toilet, conservatory, porch, other areas were observed.",MENU,,0,UNVERIFIED
9619d878be,F4,Repairs should be undertaken to maintain the floor finish and reduce the risk of further deterioration.,FIX,{F_FLOORS}::{TILES_CONDITION_CRACKED},87,OPEN
c4fab3d8c7,F4,Loose Floorboards: Loose and creaking floor finishes were noted and will require local repair or renewal.,ADD,{F_FLOORS}::{LOOSE_FLOORBOARDS},62,OPEN
091b3538b3,F4,Removal of floor coverings may reveal additional defects requiring attention.,ADD,{F_FLOORS}::{STANDARD_TEXT_2},51,OPEN
4c45d114b0,F4,"Wood Boring Noted: Evidence of active, historic wood-boring insect activity was observed in the property, lounge, bedrooms, bathrooms, kitchens, other areas.",MENU,,0,UNVERIFIED
973f46855a,F4,Further inspection of active activity by an appropriately qualified timber specialist is recommended where activity appears active or widespread.,EXACT,{F_FLOORS}::{TIMBER_INFESTAION_INVESTIGATE},100,DONE
7ae45c7c94,F4,"Otherwise, for historic activity, further enquiries should be made to the vendor regarding history, treatment work, and guarantee certificates.",MENU,,0,UNVERIFIED
855302915a,F4,"Timber decay noted: Decay was noted to the floor timbers, staircase timbers, bathroom floor, kitchen floor, basement floor joists, other areas.",MENU,,0,UNVERIFIED
9608dd2d7c,F4,"The full extent of the decay could not be determined during this visual inspection, and additional concealed defects may be present.",ADD,{F_FLOORS}::{DAMPNESS_UNKNOWN_CAUSE},63,OPEN
f35fb59572,F4,"Further investigation by a suitably qualified timber specialist is recommended, and you should obtain a report and quotations for any necessary remedial works before committing to the purchase.",ADD,{F_FLOORS}::{TIMBER_INFESTAION_INVESTIGATE},57,OPEN
6203b37499,F4,"Dampness noted: Although I could not see the full extent of the dampness problem in the lounge, bedroom, kitchen, bathroom, utility room, other areas, I suspect the dampness is caused by faulty plumbing, bathtub spillage, leaking sealants, other.",MENU,,0,UNVERIFIED
0f221f1cff,F4,You should ask an appropriately qualified person to inspect the floor and identify the full extent of the problems.,EXACT,{F_FLOORS}::{DAMPNESS_KNOWN_CAUSE},100,DONE
77bc63e9e3,F4,"Unknown damp cause: Although I could not see the full extent of the damp problem, I suspect more serious defects exist in hidden areas.",TOKENISED,{F_FLOORS}::{DAMPNESS_KNOWN_CAUSE},77,DONE
0f221f1cff,F4,You should ask an appropriately qualified person to inspect the floor and identify the full extent of the problems.,EXACT,{F_FLOORS}::{DAMPNESS_KNOWN_CAUSE},100,DONE
b08f9ac17f,F4,"Underfloor Ventilation: Where applicable, the suspended timber floor is provided with adequate, limited, or restricted underfloor ventilation.",MENU,,0,UNVERIFIED
6693327005,F4,Adequate ventilation is important in reducing the risk of condensation and timber decay.,EXACT,{F_FLOORS}::{FLOOR_VENTILATION_OK},100,DONE
ba8aed4852,F4,"Where ventilation appears restricted or limited, improvements should be considered during future maintenance works.",EXACT,{F_FLOORS}::{FLOOR_VENTILATION_POOR},100,DONE
029e62822a,F4,"Laminate/Wood floor defects: The laminate or wood flooring to the lounge, bedroom, kitchen, bathroom, utility room, hallway, other areas are worn, damaged, poorly fitted, incomplete, cracked, lifted, other.",MENU,,0,UNVERIFIED
90a2bc7bec,F4,These should be repaired or replaced soon.,EXACT,{F_FLOORS}::{REPAIR_LAMINATE},100,DONE
e55e476387,F4,"Excessive floor vibration: The floor was found to vibrate excessively underfoot, suggesting inadequate support and/or deterioration of the timber structure, such as fungal decay or wood-boring insect attack.",MENU,,0,UNVERIFIED
a0a51e88a6,F4,The exact cause could not be confirmed within the scope of this inspection.,ADD,{F_FLOORS}::{TILES_CONDITION_CRACKED},52,OPEN
62d9d088de,F4,"You should instruct a suitably qualified contractor to inspect the floor structure, including the underfloor void where accessible, determine the cause, and carry out any necessary repairs before purchase commitment.",MENU,,0,UNVERIFIED
f25340b240,F4,"Sloping floor: The floor to the lounge, bedroom, kitchen, bathroom, utility room, hallway, other rooms are slightly, significantly sloping.",MENU,,0,UNVERIFIED
7a75ef29ac,F4,"This is commonly associated with long-standing settlement, historic movement, or deflection of the floor structure.",MENU,,0,UNVERIFIED
ca90a66288,F4,"Where the slope is slight, and there is no evidence of ongoing movement or associated structural defects, it is unlikely to be of structural significance, and no repairs are considered necessary.",MENU,,0,UNVERIFIED
79d09f47c7,F4,"Where the slope is significant, or accompanied by cracking or distortion, further investigation by a suitably qualified building contractor is recommended to determine the cause and specify any necessary remedial works before purchase commitment.",MENU,,0,UNVERIFIED
27fc46811e,F4,"General Maintenance: Because floor coverings were not lifted, concealed defects may exist that could not be identified during a visual inspection.",EXACT,{F_FLOORS}::{STANDARD_TEXT_2},100,DONE
cb7ada8423,F4,No comment can therefore be made regarding the condition of concealed floor timbers or supporting construction.,EXACT,{F_FLOORS}::{STANDARD_TEXT_2},100,DONE
b11f61f89a,F4,"Floors should be inspected periodically for signs of movement, dampness, or deterioration.",MENU,,0,UNVERIFIED
46b6705fcc,F4,"Prompt repair of plumbing leaks, water penetration and defective ventilation will reduce the risk of damage to concealed floor timbers.",ADD,{F_FLOORS}::{FLOOR_VENTILATION_OK},50,OPEN
949fcdd2c2,F4,Floor finishes should be repaired or replaced as part of normal property maintenance when they reach the end of their service life.,ADD,{F_FLOORS}::{LOOSE_FLOORBOARDS},53,OPEN
3899a4bdc7,F5,"This section relates to visible fireplaces, chimney breasts, and associated flues within the property.",MENU,,0,UNVERIFIED
90e9b8e730,F5,The inspection was limited to a visual assessment only.,EXACT,{F_BATHROOM_FITTINGS}::{STANDARD_TEXT},100,DONE
af522aa618,F5,"Fireplaces, flues, and appliances were not assessed, dismantled, or operated unless otherwise stated.",MENU,,0,UNVERIFIED
a205b28725,F5,"The internal condition of chimney flues, liners and concealed structural elements cannot be confirmed during a visual inspection.",FIX,{F_FIREPLACES_AND_CHIMNEYS}::{REMOVED_CB_OK},73,OPEN
8816944e44,F5,"No smoke testing, CCTV survey or opening up was undertaken.",ADD,{F_FIREPLACES_AND_CHIMNEYS}::{ELECTRIC_FIRE_LOCATION},62,OPEN
0c60bdefb1,F5,Combustion appliances should be provided with adequate permanent ventilation in accordance with current standards.,ADD,{F_FIREPLACES_AND_CHIMNEYS}::{GAS_FIRE_NOT_TESTED},53,OPEN
afe35f74a4,F5,The adequacy of ventilation has not been assessed during this inspection.,ADD,{F_FIREPLACES_AND_CHIMNEYS}::{REMOVED_CB_OK},64,OPEN
60a01aa206,F5,"Description: The property incorporates open fireplaces, gas fires, electric fires, solid fuel stoves, wood-burning stoves, multi-fuel stoves, decorative fireplaces.",MENU,,0,UNVERIFIED
52bde0c6a1,F5,"Condition: Where visible, the fireplace(s) and chimney breast(s) appear in good, reasonable, fair, poor, very poor condition, consistent with their age and construction.",MENU,,0,UNVERIFIED
9f1bfb68be,F5,"If the flues are to be used, they should be inspected and assessed by an appropriately qualified chimney specialist before use.",EXACT,{F_FIREPLACES_AND_CHIMNEYS}::{FLUES_NOT_INSPECTED},100,DONE
5cfa1c1815,F5,No defects noted: No significant defects requiring immediate attention were identified unless otherwise stated below.,EXACT,{E_CHIMNEY_MULTI_STACK}::{CONDITION},100,DONE
a992d05ca6,F5,"Routine maintenance appropriate to the fireplaces, chimney breasts and flues material should be expected.",ADD,{F_FIREPLACES_AND_CHIMNEYS}::{REMOVED_CB_OK},46,OPEN
026d33278c,F5,"Vented blocked fireplace: The fireplace(s) in the lounge, dining room, bedroom, kitchen, hallway, other are vented.",MENU,,0,UNVERIFIED
13a689f525,F5,"Unvented blocked fireplace: The fireplace(s) in the lounge, dining room, bedroom, kitchen, hallway, other have been sealed, but no ventilation to the redundant flue was evident.",MENU,,0,UNVERIFIED
549a9900a0,F5,"Unventilated flues can trap moisture, increasing the risk of dampness, condensation, and deterioration of the chimney structure.",MENU,,0,UNVERIFIED
c36e9afe5a,F5,"A suitably qualified contractor should inspect the flue and install appropriate permanent ventilation, such as ventilating air bricks or flue vents, where required.",MENU,,0,UNVERIFIED
5648c69bcc,F5,This work should be carried out soon to reduce the risk of moisture-related defects.,EXACT,{F_FIREPLACES_AND_CHIMNEYS}::{BLOCKED_FIREPLACE_UNVENTED},100,DONE
e73ed91236,F5,"Removed Chimney Breasts: Evidence was observed that a chimney breast has been partially removed, removed.",ADD,{F_FIREPLACES_AND_CHIMNEYS}::{REMOVED_CB_OK},58,OPEN
ce72feb4cc,F5,The adequacy of concealed structural support cannot be confirmed during a visual inspection.,EXACT,{F_FIREPLACES_AND_CHIMNEYS}::{REMOVED_CB_OK},100,DONE
ed8c65683d,F5,Your legal adviser should confirm that appropriate Building Regulation approval and completion certification were obtained where applicable.,FIX,{F_FIREPLACES_AND_CHIMNEYS}::{REMOVED_CB_OK},87,OPEN
acc7b4d479,F5,"Where structural adequacy is uncertain, further investigation by an appropriately qualified structural engineer is recommended.",UNRESOLVED,{F_FIREPLACES_AND_CHIMNEYS}::{REMOVED_CB_PROBLEM_NOTED},80,OPEN
4e881647c6,F5,"Defects noted: The chimney breast has been removed from the lounge, bedroom, kitchen, bathroom, utility room, hallway, other.",MENU,,0,UNVERIFIED
46552478b4,F5,"The adjacent construction is damaged, cracked, distorted, other.",MENU,,0,UNVERIFIED
24d48ac9f6,F5,I saw evidence that indicates this has not been done properly.,ADD,{F_FIREPLACES_AND_CHIMNEYS}::{DAMAGED_GATE},53,OPEN
166619886c,F5,You should ask an appropriately qualified person to investigate this problem and recommend any repairs.,EXACT,{F_FIREPLACES_AND_CHIMNEYS}::{REMOVED_CB_PROBLEM_NOTED},100,DONE
3a5b707a1c,F5,"This may involve removing parts of the floor and wall, and you should discuss this with the property owner.",EXACT,{F_FIREPLACES_AND_CHIMNEYS}::{REMOVED_CB_OK},100,DONE
b9aeeea06c,F5,"Boiler Flues: Where a heating appliance discharges through an external wall or roof, the visible flue terminal appears secure, adequately positioned, and free from obvious obstruction.",MENU,,0,UNVERIFIED
e1493d3235,F5,The installation has not been assessed.,EXACT,{F_FIREPLACES_AND_CHIMNEYS}::{BOILER_FLUE_OBSTRUCTED},100,DONE
7030a40f0d,F5,Fireplace defects: One or more of the following defects were observed: • cracked fire surround • damaged hearth • loose fireplace components • cracked chimney breast • distorted fireplace opening • localised damp staining • surface deterioration Repairs should be undertaken where deterioration affects safety or continued use.,ADD,{F_FIREPLACES_AND_CHIMNEYS}::{DAMAGED_GATE},42,OPEN
cd5c3e450c,F5,"If you plan to use the fireplace again, you should ask an appropriately qualified person to inspect and repair the fireplace.",EXACT,{F_FIREPLACES_AND_CHIMNEYS}::{DAMAGED_GATE},100,DONE
30f068d637,F5,"Although I do not know the full extent of the work required, you should plan for complete replacement.",EXACT,{F_FIREPLACES_AND_CHIMNEYS}::{DAMAGED_GATE},100,DONE
aad16dcf13,F5,You should not use the fireplace until this has been done.,EXACT,{F_FIREPLACES_AND_CHIMNEYS}::{DAMAGED_GATE},100,DONE
27b339c032,F5,Dampness: Localised damp staining was observed on the chimney breast.,ADD,{F_FIREPLACES_AND_CHIMNEYS}::{AN_OPEN_FIRE_LOCATION},48,OPEN
7ed3760535,F5,"This may be associated with condensation, defective flashings, unused flues, or moisture penetration.",MENU,,0,UNVERIFIED
60ed21089a,F5,The source should be identified and repaired before internal redecoration is undertaken.,ADD,{F_FIREPLACES_AND_CHIMNEYS}::{AN_OPEN_FIRE_LOCATION},50,OPEN
6b436c89e4,F5,"General Maintenance: Fireplaces, flues, and combustion appliances should be inspected and serviced regularly by appropriately qualified contractors.",MENU,,0,UNVERIFIED
4c80d062bf,F5,Unused flues should be adequately ventilated to reduce the risk of condensation and dampness.,ADD,{F_FIREPLACES_AND_CHIMNEYS}::{BLOCKED_FIREPLACE_UNVENTED},59,OPEN
f9d543b487,F5,"Where fireplaces are no longer required, appropriate capping and ventilation should be maintained.",ADD,{F_FIREPLACES_AND_CHIMNEYS}::{BLOCKED_FIREPLACE_VENTED},69,OPEN
94ea0724a9,F6,"The inspection was limited by stored items, fixed appliances, contents of cupboards, restricted access, or locked cupboards.",MENU,,0,UNVERIFIED
fc72608430,F6,Wall and floor surfaces concealed behind fitted units could not be inspected.,EXACT,{F_BUILT_IN_FITTINGS}::{STANDARD_TEXT_2},100,DONE
78f8fec9b6,F6,No comment can therefore be made regarding the condition of concealed areas.,EXACT,{F_BUILT_IN_FITTINGS}::{STANDARD_TEXT_2},100,DONE
30ca2baa04,F6,"Worktop(s): The kitchen, utility room, other worktops comprise laminate particle board, solid timber, granite, quartz, stone, Corian, compressed composite, marble, steel, other material.",MENU,,0,UNVERIFIED
50595d550b,F6,"Fittings: The kitchen, utility room, other units are formed in timber, vinyl-wrapped timber, laminated MDF, other materials.",MENU,,0,UNVERIFIED
444e6bd905,F6,"Condition: Where visible, they appear in good, reasonable, fair, poor, very poor condition.",MENU,,0,UNVERIFIED
e886c9c4be,F6,Routine adjustment and maintenance should be expected with normal use.,EXACT,{F_BUILT_IN_FITTINGS}::{BUILT_IN_FITTINGS},100,DONE
905622e3a9,F6,No defects noted: No significant defects requiring immediate attention were identified unless otherwise stated below.,EXACT,{E_CHIMNEY_MULTI_STACK}::{CONDITION},100,DONE
3678b1703f,F6,Routine maintenance appropriate to the built-in fittings should be expected.,ADD,{F_BUILT_IN_FITTINGS}::{NOT_INSPECTED},61,OPEN
bed1873edd,F6,"Fittings defects: One or more cupboard doors or drawers require adjustment, repair, replacement due to wear or damage.",MENU,,0,UNVERIFIED
9ec64c4112,F6,"Kitchen Sink: The kitchen, utility room, other sink(s) is formed in stainless steel, ceramic, composite, stone, other material.",MENU,,0,UNVERIFIED
25632a4c28,F6,"Where visible, it appears in good, reasonable, fair, poor, very poor condition.",MENU,,0,UNVERIFIED
59211c653c,F6,The sink was inspected visually only and was not assessed for leakage or drainage performance.,EXACT,{F_BUILT_IN_FITTINGS}::{KITCHEN_SINK},100,DONE
911d1f0518,F6,"Sealant defects: The sealant around the sink or at the wall joints with the worktop is cracked, damaged, moulded, worn, missing.",MENU,,0,UNVERIFIED
c08abc90c7,F6,Defective sealant should be renewed to reduce the risk of water penetration into adjacent units.,EXACT,{F_BUILT_IN_FITTINGS}::{DEFECTIVE_SEALANTS},100,DONE
724976e045,F6,"Built-in Appliances: The property incorporates oven, hob, extractor hood, microwave, dishwasher, refrigerator, freezer, washing machine, tumble dryer, other built-in appliances.",MENU,,0,UNVERIFIED
c8b1f2c50a,F6,These appliances have not been assessed.,EXACT,{F_BUILT_IN_FITTINGS}::{BUILT_IN_APPLIANCES},100,DONE
1e9a7bf221,F6,"Their condition, safety and serviceability are outside the scope of this inspection.",EXACT,{F_BUILT_IN_FITTINGS}::{BUILT_IN_APPLIANCES},100,DONE
db56c0a4ad,F6,"Extractor Fan: The kitchen extractor fan was operating, not operating at the time of inspection.",ADD,{F_BUILT_IN_FITTINGS}::{BUILT_IN_APPLIANCES},55,OPEN
8eeb4386e0,F6,Its effectiveness cannot be confirmed without normal use.,EXACT,{F_BUILT_IN_FITTINGS}::{EXTRACTOR_FAN},100,DONE
fdb19ba167,F6,Regular cleaning of grease filters and vents should be undertaken to maintain efficient operation.,EXACT,{F_BUILT_IN_FITTINGS}::{EXTRACTOR_FAN},100,DONE
79a8401152,F6,Defects: One or more of the following defects were observed: • damaged cupboard doors • loose hinges • damaged worktops • worn finishes • defective sealant • cracked wall tiles • damaged plinths • water-damaged units • misaligned drawers • loose handles Repairs should be undertaken as part of normal maintenance.,ADD,{F_BUILT_IN_FITTINGS}::{STANDARD_TEXT_2},42,OPEN
90c9ff7c9c,F6,General Maintenance: Built-in fittings should be maintained as part of normal property ownership.,ADD,{F_BUILT_IN_FITTINGS}::{REPAIR_FITTING_NOW},59,OPEN
ad55541eaa,F6,Sealants should be inspected periodically and renewed where deterioration becomes evident.,ADD,{F_BUILT_IN_FITTINGS}::{DEFECTIVE_SEALANTS},54,OPEN
c36773b60d,F6,"Cupboard hinges, runners, and door furniture should be adjusted or replaced where necessary.",MENU,,0,UNVERIFIED
6f2f32dc98,F6,Water leaks should be repaired promptly to prevent damage to adjoining units and finishes.,ADD,{F_BUILT_IN_FITTINGS}::{DEFECTIVE_SEALANTS},51,OPEN
accd85d608,F7,"Description: The joinery items comprise internal doors, door frames, skirting boards, architraves, staircases, balustrades, handrails, window boards, timber cladding, wardrobe(s), cupboards, built-in joinery, other timber components.",MENU,,0,UNVERIFIED
26925b80e4,F7,"Condition: Where visible and operated during the inspection, they appear in good, reasonable, fair, poor, very poor condition.",MENU,,0,UNVERIFIED
32f4ac4ec5,F7,Routine adjustment and maintenance appropriate to their age and construction should be expected.,EXACT,{F_WOOD_WORK}::{WOOD_WORK},100,DONE
3cbc7545c1,F7,No defects noted: No significant defects requiring immediate attention were identified unless otherwise stated below.,EXACT,{E_CHIMNEY_MULTI_STACK}::{CONDITION},100,DONE
97090c037f,F7,Routine maintenance appropriate to the timber joinery should be expected.,FIX,{F_BATHROOM_FITTINGS}::{BATHROOM_FITTINGS},89,OPEN
dadd8d9203,F7,"Defect noted: One or more internal joinery elements, including doors, locks, door frames, skirting boards, architraves, the staircase, balustrades, handrails, window boards, timber cladding, cupboards, built-in joinery, other timber fittings, were found to be worn, loose, poorly fitted, damaged, inadequately secured, missing, affected by decay, other.",MENU,,0,UNVERIFIED
43a5ca701a,F7,"Where the defects are minor, repairs can be undertaken as part of routine maintenance.",ADD,{F_BATHROOM_FITTINGS}::{BATHROOM_FITTINGS_REPAIR_NOW},65,OPEN
4f33c77cb3,F7,"Otherwise, where the defects are significant or affect safety, security or normal operation, repairs or replacement should be carried out without delay by a suitably qualified contractor.",MENU,,0,UNVERIFIED
a96d4e886b,F7,"Door operation: The internal doors selected for operation opened and closed freely, with resistance, with difficulty.",MENU,,0,UNVERIFIED
3cbc7545c1,F7,No defects noted: No significant defects requiring immediate attention were identified unless otherwise stated below.,EXACT,{E_CHIMNEY_MULTI_STACK}::{CONDITION},100,DONE
921f086110,F7,Routine maintenance appropriate to the timber joinery material should be expected.,FIX,{F_BATHROOM_FITTINGS}::{BATHROOM_FITTINGS},83,OPEN
fbc1e22a06,F7,"If with minor resistance, or with difficulty is selected, add this.",MENU,,0,UNVERIFIED
fdb06ea33e,F7,One or more internal doors do not close properly or operate with resistance.,ADD,{F_WOOD_WORK}::{GLAZED_INTERNAL_DOORS},58,OPEN
c820d52b8b,F7,"This is commonly caused by normal wear and tear, minor distortion, settlement, or worn hinges, latches, or other ironmongery.",MENU,,0,UNVERIFIED
c7a329efbc,F7,"In most cases, adjustment or minor repairs will restore satisfactory operation.",ADD,{F_WOOD_WORK}::{IF_NOT_CLOSING_WELL_IS_SELECTED},50,OPEN
493ad11a24,F7,"Where defects are more severe or the door is damaged, replacement may be required.",ADD,{F_OTHER}::{BASEMENT_JOINT_DECAY},48,OPEN
016d10a6cc,F7,Repairs should be undertaken as part of routine maintenance.,FIX,{F_BATHROOM_FITTINGS}::{BATHROOM_FITTINGS_REPAIR_NOW},88,OPEN
8f6e284bfc,F7,"Out of square door/frames: Some internal doors and frames are distorted, and the door(s) do not shut properly.",EXACT,{F7_OUT_OF_SQUARE_DOORS},100,DONE
d5c0dbf3ba,F7,This may have been affected by past settlement.,EXACT,{F7_OUT_OF_SQUARE_DOORS},100,DONE
4965cdd546,F7,"As far as can be seen from this single inspection, the movement appears to be longstanding and is consistent with properties of this age and type of construction.",EXACT,{F7_OUT_OF_SQUARE_DOORS},100,DONE
0e8484cfd7,F7,I did not note any signs of current or ongoing movement that warrant any further investigation or structural repairs.,EXACT,{F7_OUT_OF_SQUARE_DOORS},100,DONE
bcf197eaef,F7,"The door(s) and their frames should be adjusted, repaired, refitted so that it closes properly.",MENU,,0,UNVERIFIED
2f37e2c8d0,F7,"Investigate: Some internal doors and frames are distorted, and the door(s) do not shut properly.",EXACT,{F7_OUT_OF_SQUARE_DOORS},100,DONE
69cf8edca5,F7,I noted signs that suggest current or ongoing movement that warrants further investigation.,FIX,{F7_OUT_OF_SQUARE_DOORS},74,OPEN
cc6630667c,F7,You should instruct a suitably qualified structural engineer to inspect the building and provide a report with any necessary recommendations as soon as possible.,ADD,{F_BATHROOM_FITTINGS}::{NO_CUBICAL_SG_RATING},55,OPEN
2909054af3,F7,Creaking stairs: The staircase creaks when walked on.,EXACT,{F_WOOD_WORK}::{CREAKING_STAIRS},100,DONE
0e2c19a8f3,F7,"This is commonly caused by the natural shrinkage and movement of timber over time, which can loosen joints and fixings.",EXACT,{F_WOOD_WORK}::{CREAKING_STAIRS},100,DONE
41c405d980,F7,"In the absence of other signs of structural weakness, this is not normally a safety concern.",EXACT,{F_WOOD_WORK}::{CREAKING_STAIRS},100,DONE
41e6578c9c,F7,"However, the staircase should be overhauled, with loose joints and fixings repaired as part of routine maintenance to reduce movement and prevent further deterioration.",MENU,,0,UNVERIFIED
e4a75305eb,F7,"Repair now: The staircase creaks and exhibits noticeable movement when in use, suggesting that joints or fixings may have become loose or that the supporting timber requires repair.",ADD,{F_WOOD_WORK}::{REPAIR_BALUSTERS},47,OPEN
ee5dae0ae9,F7,"Although the exact cause could not be confirmed during this visual inspection, the staircase should be inspected by a suitably qualified contractor, with any necessary repairs carried out without delay to ensure it remains safe and serviceable.",MENU,,0,UNVERIFIED
7bb43c5f22,F7,"Rocking handrails: The staircase handrail, supported by timber balusters (spindles), was found to be loose and rocked when gently assessed.",MENU,,0,UNVERIFIED
024c7507c4,F7,"This is a safety hazard, as the handrail may fail if subjected to normal use or excessive force.",ADD,{F_WOOD_WORK}::{OPEN_STAIR_THREADS},52,OPEN
4ecb0dec34,F7,Repairs should be carried out without delay by a suitably qualified contractor to securely fix the handrail and associated balustrade.,ADD,{F_OTHER}::{BASEMENT_DAMP},49,OPEN
6117eeeac8,F7,"No handrails: The staircase has open risers (open treads), which present a safety hazard, particularly to young children, due to the risk of falling through or becoming trapped between the treads.",MENU,,0,UNVERIFIED
2bf433ba09,F7,"Although open-riser staircases may have been acceptable when installed, they do not provide the same level of safety as modern enclosed staircases.",ADD,{F_OTHER}::{BASEMENT_SERIOUS_DAMP},48,OPEN
fe302e14e9,F7,A suitably qualified contractor should assess the staircase and install appropriate infill panels or other suitable guarding to improve safety.,ADD,{F_BATHROOM_FITTINGS}::{STANDARD_TEXT},50,OPEN
0ebcf04725,F7,This work should be carried out without delay where young children are likely to occupy or visit the property.,ADD,{F_BATHROOM_FITTINGS}::{WOOD_ROT},50,OPEN
7b8dedaa7c,F7,"Wood-Boring Insects: I found minor, significant evidence of active, historic wood-boring insect activity in parts of the staircase, floorboards, skirting, under stairs, cupboards, other timber in the (type in location).",MENU,,0,UNVERIFIED
85d6d14fcb,F7,The extent of any concealed damage could not be determined during this visual inspection.,ADD,{F_BATHROOM_FITTINGS}::{EXTRACTOR_FAN_INSTALLED_REPLACE},53,OPEN
24e495c4c3,F7,"Where activity is historic, no treatment may be necessary if the timber is dry and the infestation is inactive.",ADD,{F_WOOD_WORK}::{REPAIR_INFESTATION_MAJOR},51,OPEN
b3cac61195,F7,"Where active infestation is suspected, or significant timber deterioration is present, a suitably qualified timber specialist should inspect the affected areas, confirm the extent of the infestation, and carry out any necessary treatment and repairs without delay.",MENU,,0,UNVERIFIED
525b9f581c,F7,"General Maintenance: A representative sample of timber has been inspected, but the possibility of concealed defects being present in inaccessible timber cannot be ruled out completely.",EXACT,{F_BATHROOM_FITTINGS}::{STANDARD_TEXT_2},100,DONE
722522e937,F7,Internal woodwork should be inspected and maintained as part of normal property ownership.,ADD,{F_BATHROOM_FITTINGS}::{BATHROOM_FITTINGS_REPAIR_NOW},63,OPEN
74d4947158,F7,Moving parts should be adjusted and lubricated where necessary.,ADD,{F_OTHER}::{BASEMENT_DAMP},54,OPEN
b7da278bf0,F7,Timber should be redecorated periodically to protect exposed surfaces.,ADD,{F_BATHROOM_FITTINGS}::{BATHROOM_FITTINGS_REPAIR_NOW},52,OPEN
bdfce26677,F7,Any source of moisture should be addressed promptly to minimise the risk of timber deterioration.,ADD,{F_WOOD_WORK}::{REPAIR_DAMP_TIMBER},59,OPEN
cdf6ebd40f,F8,"The inspection was limited by stored items, fixed furniture, bath panels, boxed-in pipework, restricted access, or sealed fittings.",MENU,,0,UNVERIFIED
1f36a094f5,F8,"Concealed plumbing, waste pipework, and waterproofing systems could not be inspected.",MENU,,0,UNVERIFIED
ed87f964e5,F8,No comment can therefore be made regarding concealed defects.,ADD,{F_BATHROOM_FITTINGS}::{STANDARD_TEXT},58,OPEN
981f75da93,F8,The inspection was limited to a visual assessment only.,EXACT,{F_BATHROOM_FITTINGS}::{STANDARD_TEXT},100,DONE
b3331f4588,F8,"Sanitary fittings, plumbing installations, and drainage systems were not dismantled or pressure assessed.",MENU,,0,UNVERIFIED
d91cacc5ae,F8,"Description: The property incorporates a family bathroom(s), shower room(s), ensuite shower room(s), ensuite bathroom(s), separate toilet(s), utility room, other.",MENU,,0,UNVERIFIED
50937cd3d5,F8,"Sanitary ware: These are fitted with a combination of sanitaryware including a bathtub(s), shower(s), wash hand basin(s), WCs, bidet(s), mains pressure shower, electric shower, thermostatic shower, shower enclosure, wet room, other installation.",MENU,,0,UNVERIFIED
afe7ce255e,F8,"Wall finishes: Wall finishes comprise ceramic tiles, stone tiles, water-resistant wall panels, painted plaster, other finishes.",MENU,,0,UNVERIFIED
0c4b893fdd,F8,"Condition: Where visible, the bathroom fittings appear in good, reasonable, fair, poor, very poor condition, consistent with their age and use.",MENU,,0,UNVERIFIED
554263c85b,F8,No defects noted: No significant defects requiring immediate attention were identified unless otherwise stated below.,EXACT,{E_CHIMNEY_MULTI_STACK}::{CONDITION},100,DONE
dcd4b29097,F8,Routine maintenance appropriate to the fittings should be expected.,EXACT,{F_BATHROOM_FITTINGS}::{BATHROOM_FITTINGS},100,DONE
eca8ee0ffb,F8,"Sealants: Sealant around the bath, shower tray, basin, and sanitary fittings appears in good, reasonable, fair, poor, very poor condition.",MENU,,0,UNVERIFIED
50911c5a61,F8,Defective or deteriorated sealant should be renewed to reduce the risk of water penetration into concealed areas.,ADD,{F_BATHROOM_FITTINGS}::{SEALANT_CONDITION},66,OPEN
7e29aa4f4d,F8,"Working extractor fan: The extractor fan(s) installed in the family bathroom(s), shower room(s), ensuite shower room(s), ensuite bathroom(s), separate toilet(s), utility room were working at the time of inspection.",MENU,,0,UNVERIFIED
e5ec4cf6ba,F8,The effectiveness of the fan(s) cannot be confirmed without the bathroom being in normal use.,EXACT,{F_BATHROOM_FITTINGS}::{EXTRACTOR_FAN_INSTALLED_OK},100,DONE
2e302168cf,F8,"Where condensation or mould growth is evident, the fan should be cleaned regularly and set to continue operating after use, where this function is available, and window(s) opened regularly if one is available, to improve air circulation and ventilation.",MENU,,0,UNVERIFIED
7ea6595802,F8,"Fan not working: The extractor fan(s) installed in the family bathroom(s), shower room(s), ensuite shower room(s), ensuite bathroom(s), separate toilet(s), utility room were not working at the time of inspection.",MENU,,0,UNVERIFIED
8c24538b01,F8,"This can lead to poor ventilation, excessive condensation, mould growth, and deterioration of internal finishes.",MENU,,0,UNVERIFIED
46a92faea2,F8,The defective fan(s) should be repaired or replaced as soon as practicable to ensure adequate ventilation and help prevent further moisture-related defects.,ADD,{F_BATHROOM_FITTINGS}::{SEALANT_CONDITION},52,OPEN
9cb65f41dc,F8,Defects: One or more of the following defects were observed: • defective sealant • cracked sanitary ware • damaged wall tiles • damaged cubicle/screen • loose floor tiles • poor ventilation • condensation • mould growth • water staining • damaged fittings • damaged bathtub panel • minor plumbing leaks Repairs should be undertaken as part of normal property maintenance.,ADD,{F_BATHROOM_FITTINGS}::{EXTRACTOR_FAN_NO_INSTALLED},44,OPEN
6efd16f438,F8,General Maintenance: Bathroom fittings should be maintained as part of normal property ownership.,ADD,{F_BATHROOM_FITTINGS}::{BATHROOM_FITTINGS_REPAIR_NOW},68,OPEN
d272e53253,F8,Sealants should be inspected regularly and renewed where deterioration becomes evident.,ADD,{F_BATHROOM_FITTINGS}::{LEAKING_SEALANTS},58,OPEN
ddd821c8d5,F8,Adequate heating and ventilation should be maintained to reduce condensation and mould growth.,FIX,{F_BATHROOM_FITTINGS}::{EXTRACTOR_FAN_CONDENSATION_NOTED},78,OPEN
04be99cf53,F8,Plumbing leaks should be repaired promptly to minimise water damage to adjoining finishes and concealed building elements.,ADD,{F_BATHROOM_FITTINGS}::{STANDARD_TEXT},46,OPEN
e598cd4d6a,F9,Not inspected: Access to the communal areas was not available at the time of inspection.,ADD,,0,OPEN
5349e59716,F9,"Consequently, I was unable to inspect these areas and cannot comment on their condition.",ADD,,0,OPEN
76b957a9c5,F9,"Description: Internal communal parts to the property comprise entrance lobby, hallway, landing, staircases, lift lobby, fire lobby, balcony, communal storage, common room, other internal areas.",MENU,,0,UNVERIFIED
a5d55ac6da,F9,No defects noted: No significant defects requiring immediate attention were identified unless otherwise stated below.,EXACT,{E_CHIMNEY_MULTI_STACK}::{CONDITION},100,DONE
1fe5a35d4f,F9,Routine maintenance appropriate to the installations should be expected.,ADD,,0,OPEN
b111049731,F9,"Wear and tear noted: I noted normal wear and tear, or decorative discolouration, or shrinkage cracks or minor movement cracks.",MENU,,0,UNVERIFIED
6d9d61e979,F9,"Subject to these observations, the communal areas appear to be in reasonable condition based on a visual inspection and appear to have been adequately maintained.",ADD,,0,OPEN
e3b63a344e,F9,"Poor condition: The internal communal areas are in poor condition and require repairs, general maintenance, redecoration, refurbishment, other remedial works.",MENU,,0,UNVERIFIED
c87083943f,F9,These defects may result in increased service charges or one-off contributions from leaseholders.,ADD,,0,OPEN
d5d75f686e,F9,"Your legal adviser should confirm with the person responsible for managing the building whether these works are planned, how they will be funded, and whether any major expenditure is anticipated.",MENU,,0,UNVERIFIED
3f476cd9e2,F9,I have assumed that the communal areas are subject to appropriate maintenance arrangements and are the responsibility of the management company or other responsible party.,ADD,,0,OPEN
01a09b0572,F9,"Your legal adviser should confirm the maintenance responsibilities, arrangements, and any associated service charge obligations.",MENU,,0,UNVERIFIED
da00a55951,F9,Your legal adviser should also confirm that the person responsible for managing the building has complied with all applicable statutory requirements relating to asbestos management.,ADD,,0,OPEN
6eaa190ff1,F9,"Repair: The entry stairs, landing, balcony, hallway, shared lobby, fire lobby, common room, other areas are worn, damaged, creaking, badly cracked, sloping, missing in places, in disrepair, other.",MENU,,0,UNVERIFIED
11062570a8,F9,"These should be repaired soon, and if the defect is considered significant, it should be promptly investigated by a qualified person and repaired.",MENU,,0,UNVERIFIED
3b07af6f40,F9,"Cellar/Basement Not inspected: The property has a cellar or basement, but it could not be inspected due to restricted access, no access, other.",MENU,,0,UNVERIFIED
e17770774f,F9,No comment can therefore be made on its condition.,ADD,,0,OPEN
c2df02b7b9,F9,"Walls: The property incorporates a cellar, basement and the walls are formed in bricks, stone, loose soil, concrete, other materials.",MENU,,0,UNVERIFIED
d32a2ed9d9,F9,"Floor: The floor is constructed of solid concrete, timber, stone, loose soil, other.",MENU,,0,UNVERIFIED
b68b6c2578,F9,"Condition: Where visible, the cellar appears in good, reasonable, fair, poor, very poor condition.",MENU,,0,UNVERIFIED
091d4ada89,F9,Minor dampness may be expected in older cellars below ground level and does not necessarily indicate a defect.,EXACT,{F_OTHER}::{CELLAR_DAMP},100,DONE
a5d55ac6da,F9,No defects noted: No significant defects requiring immediate attention were identified unless otherwise stated below.,EXACT,{E_CHIMNEY_MULTI_STACK}::{CONDITION},100,DONE
fdf4435388,F9,Routine maintenance is recommended.,EXACT,{F_OTHER}::{BASEMENT_IN_USE},100,DONE
68b3c4492f,F9,Not in use: The property has a cellar which is currently unused.,ADD,,0,OPEN
d298c8a592,F9,No significant defects were apparent from the limited inspection.,ADD,,0,OPEN
fdf4435388,F9,Routine maintenance is recommended.,EXACT,{F_OTHER}::{BASEMENT_IN_USE},100,DONE
54b855ccdf,F9,In use: The cellar or basement has been adapted for use as storage or other uses.,ADD,,0,OPEN
ce85c8196a,F9,It appeared to be in reasonable condition at the time of inspection.,ADD,,0,OPEN
7345ca08f5,F9,Continue normal maintenance.,ADD,,0,OPEN
db26f47efc,F9,"Unsuitable: The cellar or basement should not be regarded as habitable accommodation due to low headroom, dampness, difficult access, poor ventilation, other limitations.",MENU,,0,UNVERIFIED
6dbfa88b10,F9,It should only be used as ancillary storage space.,ADD,,0,OPEN
0e97d05740,F9,"Flooded: The cellar or basement was partially, significantly flooded due to defective drainage or groundwater ingress.",ADD,,0,OPEN
90beaa7cbc,F9,An appropriately qualified drainage or building specialist should investigate the cause and recommend remedial works.,ADD,,0,OPEN
d6728720dc,F9,"Damp: Dampness was noted on the lower walls, upper walls, throughout the cellar, exposed floor joists, other areas.",MENU,,0,UNVERIFIED
f17c5ef034,F9,Further investigation by a suitably qualified damp and timber specialist is recommended to establish the cause and specify appropriate repairs.,ADD,,0,OPEN
fb71a63bad,F9,Waterproofing failure: The extent of dampness suggests failure or absence of an effective waterproofing system.,ADD,,0,OPEN
a56715f9bd,F9,Remedial works are likely to be disruptive and potentially costly.,ADD,,0,OPEN
30a5de5a5a,F9,You should ask a suitably qualified specialist to investigate and provide recommendations.,ADD,,0,OPEN
0bafcc6d89,F9,Your legal adviser should also confirm whether any waterproofing guarantees or warranties remain in force.,ADD,,0,OPEN
917254b484,F9,Timber decay: Decay was noted in exposed floor joists within the cellar.,ADD,,0,OPEN
00bf2f287e,F9,This is a serious defect that may affect the structural integrity of the floor above.,ADD,,0,OPEN
6b56812da0,F9,A suitably qualified timber and damp specialist should inspect the affected timbers and recommend appropriate repairs.,ADD,,0,OPEN
347a242086,F9,General Maintenance: Ancillary internal areas should be inspected periodically as part of routine property maintenance.,ADD,,0,OPEN
07dc0e6218,F9,Adequate heating and ventilation should be maintained to minimise condensation.,ADD,,0,OPEN
ca25f24f55,F9,Minor decorative defects and isolated repairs should be addressed before deterioration becomes more extensive.,ADD,,0,OPEN
fc2f5e6efc,F9,"Stored items should not obstruct inspection hatches, ventilation openings, or access to services.",MENU,,0,UNVERIFIED
1d6de9e793,F9,Condition rating 123 G Services Services are concealed within the structure and cannot be fully inspected during a Home Survey.,ADD,,0,OPEN
2b1f15138d,F9,"The inspection is visual only, and services are not assessed for safety, operation, efficiency, capacity, compliance with current regulations, or remaining service life.",MENU,,0,UNVERIFIED
bdc7de0a87,F9,Comments are limited to the visible parts of the installation.,ADD,,0,OPEN
f576d24a46,F9,"Unless otherwise stated, services should be assumed to require routine maintenance appropriate to their age and use.",ADD,,0,OPEN
92ee5faf85,F9,"Where there is any doubt about the condition or safe operation of a service installation, further inspection by an appropriately qualified specialist should be obtained before legal purchase commitment.",ADD,,0,OPEN
cf755a0c0f,F9,"It has been assumed that the necessary statutory compliance certificates, inspection records, and approvals are available where required.",MENU,,0,UNVERIFIED
5969abb368,F9,These documents have not been inspected as part of this survey and should be verified by your legal adviser before exchange of contracts.,ADD,,0,OPEN
c714ee067b,F9,"Where the condition or safety of a service installation cannot be assessed from a visual inspection, I may recommend further investigation by an appropriately qualified specialist and apply an appropriate Condition Rating.",ADD,,0,OPEN
bcb2c1e8c8,F9,"The inspection was limited by one or more of the following access restrictions, boxed-in services, stored items, fixed fittings, locked cupboards, floor coverings, or health and safety considerations.",MENU,,0,UNVERIFIED
0bd467dc01,F9,"Concealed pipework, wiring, ductwork, and underground services could not be inspected.",MENU,,0,UNVERIFIED
2629352c93,G1,"Metre: There is a mains electricity supply connected to the property, and the meter unit is located under the stairs, in an outside box, in the entrance hall, in the kitchen, in the garage, in a communal cupboard, other.",MENU,,0,UNVERIFIED
a7f27c601e,G1,Metre not found: I did not find the electric meter.,ADD,{G_ELECTRICITY}::{SOLAR_POWER_BATTERIES_LOCATION},48,OPEN
acf3dbfd55,G1,"Please ask the vendor about the location of the mains electricity meter, as you must know where it is located.",ADD,{G_ELECTRICITY}::{MAINS_ELECTRICITY_INSPECTED},57,OPEN
2cbe24b300,G1,"Consumer unit: There is a consumer unit(s) installed under the stairs, in the entrance hall, in the kitchen, in the garage, in a communal cupboard, other.",MENU,,0,UNVERIFIED
dcb3461d81,G1,Not found: I did not find the consumer unit(s).,ADD,{G_ELECTRICITY}::{FUSE_INSPECTED},50,OPEN
6edd04aa5e,G1,"Please ask the vendor about the location of the fuse box, as you must know where it is located.",ADD,{G_ELECTRICITY}::{FUSE_NOT_INSPECTED},55,OPEN
707af8247a,G1,"RCD Protection: The consumer unit incorporates RCD protection, RCBO protection, surge protection; no visible RCD protection.",MENU,,0,UNVERIFIED
0525ca26ad,G1,The operation of protective devices has not been assessed.,ADD,{OTHER_EXTERNAL_AREA}::{OTHER_CONSTRUCTION},50,OPEN
6d71d9843d,G1,Dated or Old: The installation appears to comprise dated or older electrical components and would require upgrading to current standards.,ADD,{G_ELECTRICITY}::{DATED_ELECTRICAL_SYSTEM},69,OPEN
a2c98d5771,G1,"Poor Standards: The electrical system is below current standards because there are exposed wires, damaged fittings, cracked fixtures, DIY work, other issues, and this is a safety hazard.",MENU,,0,UNVERIFIED
5f02c9b0f9,G1,You should ask an appropriately qualified person to inspect the electrical system and carry out required repairs or replacement(s).,FIX,{OTHER_EXTERNAL_AREA}::{OTHER_NO_SAFETY_GLASS},88,OPEN
e91b315cd1,G1,"Although I do not know the extent of the repair and improvement works required, you should plan for partial or complete replacement.",EXACT,{G_ELECTRICITY}::{DATED_ELECTRICAL_SYSTEM_SAFETY_HAZARD},100,DONE
cffa4307fe,G1,"Risk to people: Add text to: Section J3Risk to People - The electrical system is below current standards because of observed defects, and this is a safety hazard.",TOKENISED,{G_ELECTRICITY}::{REPAIR_ELECTRICAL_HAZARD},64,DONE
8a8c8ecf48,G1,Solar photovoltaic (PV) system: The property is fitted with photovoltaic (PV) panels installed on the roof slope(s).,TOKENISED,{G_ELECTRICITY}::{SOLAR_POWER_INSTALLED_LOCATION},75,DONE
e9cf33011a,G1,"These generate electricity for use within the property, with any surplus potentially exported to the National Grid.",FIX,{G_ELECTRICITY}::{SOLAR_POWER_INSTALLED_LOCATION},86,OPEN
a4d7301037,G1,No significant defects were apparent from the limited visual inspection.,EXACT,{G_ELECTRICITY}::{SOLAR_POWER_INSTALLED_LOCATION},100,DONE
b172bfb4c0,G1,Routine maintenance should be carried out in accordance with the manufacturer's recommendations.,EXACT,{G_ELECTRICITY}::{SOLAR_POWER_INSTALLED_LOCATION},100,DONE
88323e858d,G1,"Battery storage/Inverter: A solar battery and/or inverter is in the loft, under the stairs, other.",MENU,,0,UNVERIFIED
bf243c58d2,G1,"These components were not assessed, and no comment can be made on their operation, performance, or remaining service life.",MENU,,0,UNVERIFIED
c5754a0104,G1,Solar thermal (hot water): The property is fitted with solar thermal panels installed on the roof slope(s).,TOKENISED,{G_ELECTRICITY}::{SOLAR_POWER_INSTALLED_LOCATION},68,DONE
29221eee58,G1,These use solar energy to heat water for the domestic hot water system.,ADD,{G_ELECTRICITY}::{DATED_ELECTRICAL_SYSTEM_SAFETY_HAZARD},47,OPEN
a4d7301037,G1,No significant defects were apparent from the limited visual inspection.,EXACT,{G_ELECTRICITY}::{SOLAR_POWER_INSTALLED_LOCATION},100,DONE
b172bfb4c0,G1,Routine maintenance should be carried out in accordance with the manufacturer's recommendations.,EXACT,{G_ELECTRICITY}::{SOLAR_POWER_INSTALLED_LOCATION},100,DONE
446c83026f,G1,"The installation appears to have been professionally completed; however, this cannot be confirmed during a visual inspection.",EXACT,{G_WATER_HEATING}::{SOLAR_WATER_HEATING},100,DONE
70b429f4c7,G1,"Your legal adviser should verify that appropriate planning permission (where required), Building Regulations approval, commissioning certificates and any applicable MCS certification are available (see Section I1 - Regulations).",MENU,,0,UNVERIFIED
e510708c55,G1,They should also confirm whether transferable warranties or guarantees exist for the installation (see Section I2 - Guarantees).,ADD,{G_ELECTRICITY}::{IF_SOLAR_POWER_IS_SELECTED},58,OPEN
1746f5bbd6,G1,"If the necessary approvals or certification are unavailable, further investigation should be undertaken before legal purchase commitment.",ADD,{G_ELECTRICITY}::{DATED_ELECTRICAL_SYSTEM},54,OPEN
a2065bd6e7,G1,"Electrical installations should be inspected and assessed at intervals not exceeding ten years for owner-occupied properties, or on a change of ownership, in accordance with current guidance.",MENU,,0,UNVERIFIED
12950691a7,G1,"If satisfactory evidence of a recent Electrical Installation Condition Report (EICR) is unavailable, you should instruct an appropriately qualified electrician, such as a NICEIC or NAPIT registered contractor, to inspect and test the installation, confirm its condition and safety, and provide a quotation for any necessary remedial works.",MENU,,0,UNVERIFIED
499e828169,G1,"General Maintenance: Where the installation appears dated, altered, or poorly maintained, an Electrical Installation Condition Report (EICR) should be obtained before legal commitment.",MENU,,0,UNVERIFIED
ce8bc760cc,G2,Testing: The gas installation and appliances were not assessed during this inspection.,ADD,{G_GAS_AND_OIL}::{GAS_SMELL_NOTED},61,OPEN
6032de6cc9,G2,"If satisfactory evidence of recent inspection or servicing is unavailable, a Gas Safe (or OFTEC for oil-fired systems) registered engineer should inspect and test the installation before legal purchase commitment and recommend any necessary remedial works.",ADD,{G_GAS_AND_OIL}::{OIL_TANK_INSPECTED},57,OPEN
a9b2986430,G2,"Certification: The homeowner should be able to provide appropriate servicing and inspection records for the heating system and associated appliances, including boilers, fires, and other fixed heating appliances.",MENU,,0,UNVERIFIED
311cc5612e,G2,Your legal adviser should verify that these documents are available before exchange of contracts.,ADD,{G_GAS_AND_OIL}::{STANDARD_TEXT},46,OPEN
83a004701a,G2,Gas smell noted: Gas smell was noted during my inspection.,EXACT,{G_GAS_AND_OIL}::{GAS_SMELL_NOTED},100,DONE
713116322b,G2,This is a serious problem and should be resolved now.,EXACT,{G_GAS_AND_OIL}::{GAS_SMELL_NOTED},100,DONE
1327efb576,G2,Capped gas: The gas supply is capped off.,EXACT,{G_GAS_AND_OIL}::{GAS_SUPPLY_IS_CAPPED_OFF},100,DONE
082ab1c60b,G2,You should ask an appropriately qualified person to inspect the gas installation system.,EXACT,{G_GAS_AND_OIL}::{GAS_METER_REPAIR},100,DONE
834da05254,G2,"Metre: There is a mains gas connection to the property, and the meter unit is located under the stairs, in an outside box, in the kitchen, in the garage, in a communal cupboard, other.",MENU,,0,UNVERIFIED
702f469176,G2,"No smell of gas was detected during my inspection, and no other defects were noted that require urgent or significant repairs to the installation.",ADD,{G_GAS_AND_OIL}::{CONDITION_OK_GAS_SMELL},50,OPEN
bd2aa512ad,G2,Metre not found: I did not find the gas meter.,ADD,{G_GAS_AND_OIL}::{GAS_METER_REPAIR},58,OPEN
1b93e0ced6,G2,"Please ask the vendor about the location of the gas meter, as you must know where it is located.",ADD,{G_GAS_AND_OIL}::{MAINS_GAS_CONDITION_NOT_INSPECTED},55,OPEN
2abbead75f,G2,Dated or Old: The installation appears dated or older and may require upgrading to current standards.,ADD,{G_GAS_AND_OIL}::{STANDARD_TEXT},52,OPEN
6d3e3b3d8d,G2,"Oil tank: The property is served by an oil-fired heating system with a plastic, metal, other fuel storage tank located at the front garden, side garden, rear garden, other.",MENU,,0,UNVERIFIED
e1bcd8aad7,G2,"No significant defects were apparent from the limited visual inspection, and routine maintenance is recommended.",EXACT,{G_GAS_AND_OIL}::{OIL_TANK_INSPECTED},100,DONE
cf20a8d211,G2,"Oil-fired appliances, associated equipment and storage tanks should be installed, serviced, and inspected annually by an OFTEC-registered engineer.",MENU,,0,UNVERIFIED
79c91e7c72,G2,"Where the tank is located close to a watercourse, open drain or environmentally sensitive area, secondary containment (a bund) may be required to reduce the risk of pollution in the event of a leak.",MENU,,0,UNVERIFIED
f23beb7186,G2,"Where there is any doubt regarding the condition, installation or compliance of the oil storage tank or associated equipment, an OFTEC-registered engineer should inspect the installation and recommend any necessary remedial works before legal purchase commitment.",MENU,,0,UNVERIFIED
c227dbff4b,G2,"Old tank: Although I could see no problems with the existing tank, it is older, has a single skin (modern ones have a double skin) and no secondary containment.",MENU,,0,UNVERIFIED
426ec07331,G2,"If your property is close to a stream or watercourse, when the tank is replaced, you will have to meet the current requirements.",MENU,,0,UNVERIFIED
acaa3c3201,G2,"If you want to be sure, you should ask an appropriately qualified person to inspect the oil installation system now.",EXACT,{G_GAS_AND_OIL}::{OLD_TANK},100,DONE
f0de8ccee8,G3,Stopcock found: There is an independent mains water supply to the property.,ADD,{G_WATER}::{LEAD_RISING},50,OPEN
8cb9cdf3b3,G3,"The stopcock within the property is located under the stairs, under the kitchen sink, in the bathroom, in the hall, in the garage, other.",MENU,,0,UNVERIFIED
6857e519c9,G3,Visible pipework and fittings were inspected where accessible.,ADD,{G_WATER}::{STANDARD_TEXT},70,OPEN
29f2d48002,G3,The water installation was not pressure assessed.,FIX,{G_WATER}::{NOT_INSPECTED},74,OPEN
e906f4a3a4,G3,Not found: There is an independent mains water supply to the property.,ADD,{G_WATER}::{LEAD_RISING},50,OPEN
3309890c83,G3,I did not find the water stopcock within the property.,ADD,{G_WATER}::{STOPCOCK_FOUND},51,OPEN
829941ce59,G3,"Please ask the vendor about the location of the water stopcock, as you must know where it is located.",ADD,{G_WATER}::{STOPCOCK_NOT_FOUND},53,OPEN
e170a5f29b,G3,The property must be maintained in the normal way.,EXACT,{E_CHIMNEY_MULTI_STACK}::{LEANING_CHIMNEY_CONDITION_OK},100,DONE
957861a151,G3,Lead rising: The visible incoming water supply pipe is lead.,ADD,{G_WATER}::{LEAD_RISING},49,OPEN
516f6d9e1d,G3,"Lead pipework was commonly used before 1970 and may allow small amounts of lead to enter the drinking water, particularly in soft water areas, presenting a potential health risk (see Section J3 - Risks).",MENU,,0,UNVERIFIED
4711076657,G3,You should obtain advice from your water supplier and consider replacing the lead pipework to eliminate this risk.,EXACT,{G_WATER}::{LEAD_RISING},100,DONE
1285ef2344,G3,Further information is available from the Drinking Water Inspectorate.,ADD,{G_WATER}::{LEAD_RISING},64,OPEN
490d46b8d3,G3,You should obtain advice from your water supplier and arrange for replacement of the lead pipework where appropriate.,ADD,{G_WATER}::{LEAD_RISING},78,OPEN
da5adbc571,G3,Further guidance is available from the Drinking Water Inspectorate.,ADD,{G_WATER}::{LEAD_RISING},67,OPEN
e274175de9,G3,"Water tank: A cold-water storage tank located in the roof space, airing cupboard, kitchen, other and is constructed of plastic, galvanised steel, asbestos cement, other.",MENU,,0,UNVERIFIED
6db725717a,G3,"It appeared to be in reasonable, fair, poor condition.",MENU,,0,UNVERIFIED
92c1e3c1b9,G3,"The visible tank and associated pipework were adequately insulated, inadequately insulated.",ADD,{G_WATER}::{STANDARD_TEXT},51,OPEN
5e39398056,G3,Inadequate insulation: The visible water tank and/or associated pipework are inadequately insulated.,ADD,{G_WATER}::{STOPCOCK_FOUND},50,OPEN
a8b1c45521,G3,This increases the risk of freezing during cold weather and may result in leaks and heat loss.,ADD,{G_WATER}::{LEAD_RISING},46,OPEN
11d5ffa126,G3,Additional insulation should be installed.,ADD,{G_WATER}::{NOT_INSPECTED},64,OPEN
528d1351dd,G3,"Damaged tank: The cold-water storage tank is damaged, not adequately supported, leaking, overflowing, other.",MENU,,0,UNVERIFIED
1c1ee33f25,G3,Repairs or replacement should be carried out by a suitably qualified plumber without delay.,ADD,{G_WATER}::{NOT_INSPECTED},58,OPEN
bfd8edf885,G3,"Missing lid: The cold-water storage tank(s) has no lid, or the lid is not properly fitted, which may allow contamination of the stored water.",MENU,,0,UNVERIFIED
e69e800e40,G3,A suitable close-fitting lid should be installed as soon as possible.,ADD,{G_WATER}::{STANDARD_TEXT},47,OPEN
3922735c7f,G3,Asbestos cement tank: The cold-water storage tank is constructed of asbestos cement.,ADD,{G_WATER}::{NOT_INSPECTED},54,OPEN
2f088b8ca5,G3,"Provided it remains in good condition and is left undisturbed, it presents a low health risk.",ADD,{G_WATER}::{LEAD_RISING},44,OPEN
e511290e50,G3,"If alteration, removal, or replacement is proposed, advice should first be obtained from a suitably qualified asbestos specialist.",MENU,,0,UNVERIFIED
ee251b97c2,G3,The visible water supply pipework comprises plastic and/or copper.,ADD,{G_WATER}::{LEAD_RISING},51,OPEN
ffb22bb82f,G3,"Much of the plumbing is concealed within the structure, and the routing, support, joints, and condition of hidden pipework could not be assessed during this visual inspection.",MENU,,0,UNVERIFIED
614686e0a9,G3,"If there are any concerns regarding the plumbing installation or its condition, you should obtain further advice from a suitably qualified plumber before legal purchase commitment.",ADD,{G_WATER}::{NOT_INSPECTED},56,OPEN
9c7af1fd2d,G4,No heating: The property does not have a fixed heating system.,EXACT,{G_HEATING}::{ABOUT_NO_HEATING},100,DONE
443b036477,G4,"Although no repair is currently required, the absence of fixed heating may result in cold rooms, condensation, and mould growth.",MENU,,0,UNVERIFIED
1097e9d222,G4,It is also likely to adversely affect the property's Energy Performance Certificate (EPC) rating and may impact its marketability.,EXACT,{G_HEATING}::{ABOUT_NO_HEATING},100,DONE
723a27047a,G4,You should consider installing a suitable fixed heating system.,EXACT,{G_HEATING}::{ABOUT_NO_HEATING},100,DONE
dfc3c82067,G4,Heating not found: I was unable to locate the boiler or heating system.,ADD,{G_HEATING}::{ABOUT_NO_HEATING},57,OPEN
648625652a,G4,"Please ask the vendor about the location of the boiler or heating system, as you must know where it is located.",ADD,{G_HEATING}::{ABOUT_FORCED_AIR},46,OPEN
7a1f6e4d73,G4,Communal heating: The property is heated centrally by a communal heating system.,EXACT,{G_HEATING}::{ABOUT_COMMUNAL_HEATING},100,DONE
0d62aac814,G4,I could not inspect the system due to access restrictions and cannot comment on the type and condition.,EXACT,{G_HEATING}::{ABOUT_COMMUNAL_HEATING},100,DONE
18c124f06d,G4,"Boiler: The property is heated by a combination boiler, conventional boiler, sealed boiler system, electrical boiler, oil-fired boiler, other that is installed in kitchen, utility room, bedroom, under the stairs, garage, other.",MENU,,0,UNVERIFIED
ee210c04aa,G4,The installation was inspected visually only.,EXACT,{G_HEATING}::{STANDARD_TEXT},100,DONE
35f425e183,G4,No operational testing or assessment of efficiency was undertaken.,FIX,{G_HEATING}::{ABOUT_FORCED_AIR},73,OPEN
5c9cccde43,G4,"Heat emitters: The boiler is connected to radiators, underfloor heating pipes, ceiling vents, wall vents, other as heat emitters; their capacity, efficiency, and lifespan are not readily ascertained.",MENU,,0,UNVERIFIED
357a27088e,G4,"I recommend these are serviced and demonstrated to yourselves, so you are satisfied with their performance under variable operational requirements.",EXACT,{G_HEATING}::{ABOUT_CONNECTED_TO_RADIATOR_UNDERFLOOR_PIPES},100,DONE
a984c735bd,G4,"Room heaters: The property is heated by oil-filled, electric storage, individual room electric, other heaters.",MENU,,0,UNVERIFIED
601c9e2554,G4,These appear in reasonable condition.,EXACT,{G_HEATING}::{ABOUT_OTHER_HEATING},100,DONE
c84e6c6555,G4,"However, I cannot comment on their serviceability as the system was not operating at the time of my inspection and I have no evidence of any service history.",EXACT,{G_HEATING}::{ABOUT_BOILER_FLUE_CONNECTED_TO},100,DONE
7763876cac,G4,The property must be maintained in the normal way.,EXACT,{E_CHIMNEY_MULTI_STACK}::{LEANING_CHIMNEY_CONDITION_OK},100,DONE
3e8f153430,G4,"Any inspection, servicing or repair of the heating installation should be carried out by a Gas Safe registered engineer (or an OFTEC registered engineer for oil-fired systems).",ADD,{G_HEATING}::{NOT_INSPECTED},45,OPEN
b87e38de4a,G4,"Appropriate servicing or commissioning records should be provided for the boiler, heating system, and any fixed heating appliances.",MENU,,0,UNVERIFIED
5e772e21ef,G4,"Your legal adviser should verify that these records, together with any available warranties or guarantees, are available before legal purchase commitment.",MENU,,0,UNVERIFIED
1a1d2f34ae,G4,"Old boiler: Although no significant defects were apparent from the limited visual inspection, the boiler is older.",EXACT,{G_HEATING}::{ABOUT_OLD_BOILER},100,DONE
74d237c4ce,G4,Older boilers are less efficient and may become increasingly unreliable and costly to maintain.,EXACT,{G_HEATING}::{ABOUT_OLD_BOILER},100,DONE
23784c86c8,G4,You should anticipate replacement as the boiler approaches the end of its serviceable life.,EXACT,{G_HEATING}::{ABOUT_OLD_BOILER},100,DONE
1beefe3228,G4,"Repair: The radiator(s), pipework in the lounge, bedroom, bathroom, other areas are leaking, damaged, other and may be causing damp to nearby elements.",MENU,,0,UNVERIFIED
2608f80397,G4,"Although this is not yet serious, the problem can quickly get worse and damage other parts of the property.",EXACT,{G_HEATING}::{REPAIR_MINOR_LEAKS},100,DONE
a2a412e3cf,G4,You should ask an appropriately qualified person to check this now and promptly resolve the situation.,EXACT,{G_HEATING}::{REPAIR_MINOR_LEAKS},100,DONE
5f1da7ceba,G4,"Where a significant leak has occurred causing damage to other parts of the property, this may indicate more widespread defects within the installation.",ADD,{G_HEATING}::{REPAIR_MAJOR_LEAKS},62,OPEN
e47b99966c,G4,"A suitably qualified plumber/heating engineer should investigate the cause, carry out any necessary repairs, and inspect the remainder of the system without delay.",MENU,,0,UNVERIFIED
f09d4b6351,G4,"Forced Air Heating: The property is heated by a forced air heating system with the main unit located in the utility room, loft, garage, cupboard, basement, other.",MENU,,0,UNVERIFIED
3c97743f96,G4,Warm air is distributed throughout the property via a network of ducts and vents.,FIX,{G_HEATING}::{ABOUT_FORCED_AIR},72,OPEN
b650c39595,G4,"The installation was inspected visually only, and no operational testing or assessment of efficiency was undertaken.",EXACT,{G_HEATING}::{ABOUT_FORCED_AIR},100,DONE
7763876cac,G4,The property must be maintained in the normal way.,EXACT,{E_CHIMNEY_MULTI_STACK}::{LEANING_CHIMNEY_CONDITION_OK},100,DONE
9303cd1e46,G4,"Air Source Heat Pump: Air Source Heat Pump: The property is heated by an air source heat pump with the internal unit located in the kitchen, utility room, garage, other and the external unit located to the front/side/rear of the property.",MENU,,0,UNVERIFIED
ee210c04aa,G4,The installation was inspected visually only.,EXACT,{G_HEATING}::{STANDARD_TEXT},100,DONE
c1ae9eb2eb,G4,"No operational testing or assessment of performance, efficiency or controls was undertaken.",FIX,{G_HEATING}::{ABOUT_AIR_SOURCE_HEAT_PUMP_LOCATED},78,OPEN
66a388d659,G4,"Ground Source Heat Pump: Ground Source Heat Pump: The property is heated by a ground source heat pump with the internal unit located in the kitchen, utility room, garage, other.",MENU,,0,UNVERIFIED
f867415b7f,G4,The associated ground collectors or boreholes are below ground and could not be inspected.,EXACT,{G_HEATING}::{ABOUT_GROUND_SOURCE_HEAT_PUMP_LOCATED},100,DONE
ee210c04aa,G4,The installation was inspected visually only.,EXACT,{G_HEATING}::{STANDARD_TEXT},100,DONE
c1ae9eb2eb,G4,"No operational testing or assessment of performance, efficiency or controls was undertaken.",FIX,{G_HEATING}::{ABOUT_AIR_SOURCE_HEAT_PUMP_LOCATED},78,OPEN
f6403e6eca,G5,I was unable to locate the water heating system.,ADD,{G_WATER_HEATING}::{ELECTRIC_WATER_HEATING_OTHER},60,OPEN
fcaa35b461,G5,"Please ask the vendor about the location of the water heating system, as it is important that you know where it is located.",ADD,{G_WATER_HEATING}::{GAS_WATER_HEATING_COMBI_BOILER},49,OPEN
0b1e713e79,G5,"Communal water heating: The property has hot water centrally by a communal water heating system, gas-powered.",ADD,{G_WATER_HEATING}::{ELECTRIC_WATER_HEATING_OTHER},60,OPEN
33f4e43372,G5,It is likely to be metered or supplied as part of combined services.,ADD,{G_WATER_HEATING}::{REPAIR_LOOSE_SOLAR_PANELS},44,OPEN
1d8f6a31a5,G5,I could not inspect the system due to access restrictions and cannot comment on the type and condition.,EXACT,{G_HEATING}::{ABOUT_COMMUNAL_HEATING},100,DONE
18a496d0c4,G5,"Water heating: The hot water is provided by the combination boiler, conventional boiler, sealed boiler system, electrical boiler, oil-fired boiler, other installed in the airing cupboard, kitchen, utility room, bedroom, garage, loft, other.",MENU,,0,UNVERIFIED
1ebbeb0848,G5,The property must be maintained in the normal way.,EXACT,{E_CHIMNEY_MULTI_STACK}::{LEANING_CHIMNEY_CONDITION_OK},100,DONE
c0aeff24d7,G5,"Electric Immersion: The hot water is provided by an insulated cylinder located in the airing cupboard, kitchen, utility room, bedroom, garage, loft, other.",MENU,,0,UNVERIFIED
2d75632dfc,G5,The installation was inspected visually only.,EXACT,{G_HEATING}::{STANDARD_TEXT},100,DONE
fad6e59c94,G5,No operational testing or assessment of efficiency was undertaken.,ADD,{G_WATER_HEATING}::{SOLAR_WATER_HEATING},66,OPEN
6e090c60c6,G5,Poor cylinder insulation: The hot water cylinder is not properly insulated.,EXACT,{G_WATER_HEATING}::{ELECTRIC_POOR_CYLINDER_CONDITION},100,DONE
0693c2d809,G5,"Hot water tanks store water for long periods, and there will be a waste of energy if these tanks and the adjacent pipes are not properly insulated.",EXACT,{G_WATER_HEATING}::{ELECTRIC_POOR_CYLINDER_CONDITION},100,DONE
8ccd8e73de,G5,This should be insulated soon.,EXACT,{G_WATER_HEATING}::{ELECTRIC_POOR_CYLINDER_CONDITION},100,DONE
9dbbc2cc23,G5,Point-of-use: Hot water is provided by individual electric point-of-use water heaters serving individual outlets or appliances.,ADD,{G_WATER_HEATING}::{ELECTRIC_WATER_HEATING_OTHER},61,OPEN
2d75632dfc,G5,The installation was inspected visually only.,EXACT,{G_HEATING}::{STANDARD_TEXT},100,DONE
eff2aa202a,G5,"No operational testing or assessment of performance, efficiency or remaining service life was undertaken.",ADD,{G_WATER_HEATING}::{SOLAR_WATER_HEATING},60,OPEN
2d75632dfc,G5,The installation was inspected visually only.,EXACT,{G_HEATING}::{STANDARD_TEXT},100,DONE
fad6e59c94,G5,No operational testing or assessment of efficiency was undertaken.,ADD,{G_WATER_HEATING}::{SOLAR_WATER_HEATING},66,OPEN
ed0829e79e,G5,Solar water heating: The property is provided with a solar water heating (solar thermal) system to supplement the domestic hot water supply.,EXACT,{G_WATER_HEATING}::{SOLAR_WATER_HEATING},100,DONE
bf277d4115,G5,"The installation was inspected visually only, and no operational testing or assessment of performance was undertaken.",EXACT,{G_WATER_HEATING}::{SOLAR_WATER_HEATING},100,DONE
bd76685055,G5,Routine maintenance should be carried out in accordance with the manufacturer's recommendations.,EXACT,{G_ELECTRICITY}::{SOLAR_POWER_INSTALLED_LOCATION},100,DONE
87a45504e2,G5,"The installation appears to have been professionally completed; however, this cannot be confirmed during a visual inspection.",EXACT,{G_WATER_HEATING}::{SOLAR_WATER_HEATING},100,DONE
ee8232044e,G5,"Your legal adviser should verify that any required Building Regulations approval, commissioning documentation and any available warranties or guarantees are provided.",EXACT,{G_WATER_HEATING}::{SOLAR_WATER_HEATING},100,DONE
a5596b97d6,G6,Inspection of the accessible inspection chamber(s) cannot confirm the condition of the concealed drainage system.,ADD,{G_DRAINAGE}::{PUBLIC_SYSTEM_STATUS_NOT_INSPECTED},55,OPEN
f72cbbb4ac,G6,"Hidden defects may still be present and can only be identified by specialist testing, such as a CCTV drain survey.",ADD,{OTHER_EXTERNAL_AREA}::{OTHER_CONDITION},47,OPEN
112a6564c2,G6,Septic Tank: The property is connected to a septic tank.,EXACT,{G_DRAINAGE}::{PRIVATE_SYSTEM_SEPTIC_TANK},100,DONE
964c3f7f5a,G6,This is a private drainage system that treats foul waste before discharging the effluent to a drainage field or other approved outfall.,EXACT,{G_DRAINAGE}::{PRIVATE_SYSTEM_SEPTIC_TANK},100,DONE
fcafdb0931,G6,"The installation was inspected visually only, and no assessment of its operation or compliance with current environmental regulations was undertaken.",EXACT,{G_DRAINAGE}::{PRIVATE_SYSTEM_SEPTIC_TANK},100,DONE
b72b7a4312,G6,The system should be regularly maintained and emptied as recommended.,EXACT,{G_DRAINAGE}::{PRIVATE_SYSTEM_SEPTIC_TANK},100,DONE
e3f3c8ea68,G6,"Your legal adviser should confirm ownership, maintenance responsibilities, any permits or exemptions, and compliance with current regulations.",MENU,,0,UNVERIFIED
fa0f3d8552,G6,"Cesspit (Cesspool): The property is connected to a cesspit (cesspool), which is an underground storage tank that collects foul waste and requires regular emptying by a licensed waste contractor.",EXACT,{G_DRAINAGE}::{PRIVATE_SYSTEM_CESS_PIT},100,DONE
51a2e98b91,G6,"The installation was inspected visually only, and no assessment of its condition or capacity was undertaken.",EXACT,{G_DRAINAGE}::{PRIVATE_SYSTEM_CESS_PIT},100,DONE
78d886e559,G6,"Your legal adviser should confirm ownership, maintenance responsibilities, and any records of regular emptying.",MENU,,0,UNVERIFIED
fc5c4e8836,G6,Public Sewer: The property is connected to the public sewer.,FIX,{G_DRAINAGE}::{PRIVATE_SYSTEM_SEPTIC_TANK},79,OPEN
4bdec25a21,G6,The drainage system is either combined (foul and surface water sharing the same pipework) or separate (foul and surface water discharged through separate pipework).,ADD,{G_DRAINAGE}::{PUBLIC_SYSTEM},55,OPEN
b4889dfb4d,G6,Parts of the drainage system may pass through neighbouring properties or surrounding lands.,ADD,{G_DRAINAGE}::{DRAINAGE_SHARED},59,OPEN
0c8a705541,G6,No defects noted: No significant defects requiring immediate attention were identified unless otherwise stated below.,EXACT,{E_CHIMNEY_MULTI_STACK}::{CONDITION},100,DONE
3e6a685cef,G6,Routine maintenance appropriate to the frame material should be expected.,EXACT,{OTHER_EXTERNAL_AREA}::{OTHER_CONDITION},100,DONE
1fefbcd71e,G6,Inspection Chamber: The inspection chamber cover(s) were lifted where possible.,ADD,{G_DRAINAGE}::{PUBLIC_SYSTEM_INSPECTED_LIFTED_TICKBOX},68,OPEN
59e856afce,G6,"No blockage, recent blockage, significant defect, other was noted.",MENU,,0,UNVERIFIED
c989f1aa07,G6,The chambers should be inspected periodically to ensure they remain free flowing.,ADD,{G_DRAINAGE}::{PUBLIC_SYSTEM_INSPECTED_CONDITION_OK},57,OPEN
3994e6937f,G6,"Not Inspected: The inspection chamber cover(s) could not be lifted, and the condition of the underground drainage system could not be assessed.",ADD,{G_DRAINAGE}::{PUBLIC_SYSTEM_STATUS_NOT_INSPECTED},58,OPEN
a22ef80a2a,G6,Further inspection by a suitably qualified drainage contractor is recommended if required.,ADD,{G_DRAINAGE}::{REPAIR_ROOTS_IN_CHAMBER},52,OPEN
e228247694,G6,Shared Drainage: It is assumed that parts of the underground drainage system are shared with neighbouring property or properties.,ADD,{G_DRAINAGE}::{DRAINAGE_SHARED},71,OPEN
27726e0960,G6,Your legal adviser should confirm your rights and responsibilities for maintenance and repair.,ADD,{G_DRAINAGE}::{PRIVATE_SYSTEM_CESS_PIT},69,OPEN
c69bdd8b2d,G6,Your legal adviser should confirm your responsibilities for the maintenance and repair of any shared drainage system.,ADD,{G_DRAINAGE}::{PRIVATE_SYSTEM_CESS_PIT},65,OPEN
dfc0cc8abf,G6,"Soil and Vent Pipe: The soil and vent pipe is visible at the front, rear, side, other of the property and is constructed of plastic, cast iron, asbestos cement, other material.",MENU,,0,UNVERIFIED
a8f41dab43,G6,"Visible/Partially Visible: The soil and vent pipe is fully concealed or concealed within the building, with only limited sections visible in the roof space/other.",ADD,{G_DRAINAGE}::{SOIL_VENT_PARTIALLY_INSPECTED},54,OPEN
db27b41b60,G6,The visible sections appeared satisfactory.,ADD,{OTHER_EXTERNAL_AREA}::{OTHER_CONDITION},57,OPEN
964f88640d,G6,The condition of concealed sections could not be assessed.,ADD,{OTHER_EXTERNAL_AREA}::{OTHER_CONDITION},48,OPEN
ebac583d35,G6,"Defect repairs Inspection Chamber Cover: The inspection chamber cover(s) are broken, corroded, poorly secured, other and presents a safety hazard.",MENU,,0,UNVERIFIED
2ab00ea5b4,G6,It should be repaired or replaced without delay.,ADD,{G_DRAINAGE}::{REPAIR_GULLIES},62,OPEN
5cecdd3977,G6,The inspection chamber cover presents a safety hazard and should be repaired or replaced.,TOKENISED,{G_DRAINAGE}::{REPAIR_CHAMBER_COVER},67,DONE
4eabddcc1b,G6,"Inspection Chamber Walls: The inspection chamber walls are cracked, crumbling, damaged, other.",MENU,,0,UNVERIFIED
01cd6ad055,G6,Repairs are recommended to prevent debris from entering and obstructing the drainage system.,ADD,{G_DRAINAGE}::{REPAIR_CHAMBER_PIPES},55,OPEN
076ee743cc,G6,"Drain Channels: The drainage channels within the inspection chamber are cracked, poorly formed, partially blocked, other.",MENU,,0,UNVERIFIED
d04cbb1a89,G6,Repairs are recommended to prevent further deterioration and reduce the risk of blockages.,ADD,{G_DRAINAGE}::{REPAIR_CHAMBER_PIPES},61,OPEN
0f8823cfa5,G6,"Soil and Vent Pipe Defects: The soil and vent pipe is cracked, damaged, corroded, leaking, inadequately supported, other.",MENU,,0,UNVERIFIED
05fd5aedad,G6,"Depending on its condition, replacement with a modern plastic system may be more economical.",ADD,{G_DRAINAGE}::{REPAIR_SOIL_AND_VENT},50,OPEN
401fb84af9,G6,"Tree Root Ingress: Tree roots were noted within the inspection chamber, indicating defects in the underground drainage system.",ADD,{G_DRAINAGE}::{REPAIR_CHAMBER_PIPES},52,OPEN
2a71e1c9fc,G6,"If left untreated, root ingress is likely to worsen and cause recurring blockages.",ADD,{G_DRAINAGE}::{REPAIR_ROOTS_IN_CHAMBER},48,OPEN
54099ae496,G6,A suitably qualified drainage contractor should investigate and recommend repairs.,ADD,{OTHER_EXTERNAL_AREA}::{OTHER_NO_SAFETY_GLASS},49,OPEN
aa6b84d88b,G6,Gullies: The above-ground rainwater and waste pipes discharge into gullies connected to the underground drainage system.,ADD,{G_DRAINAGE}::{REPAIR_GULLIES},66,OPEN
ff9e9080b7,G6,"The gullies are partly blocked, damaged, uncovered, completely blocked, other.",MENU,,0,UNVERIFIED
e787682d1a,G6,"They should be cleared and repaired, as necessary.",ADD,{G_DRAINAGE}::{PRIVATE_SYSTEM_SEPTIC_TANK},64,OPEN
718cc4531e,G6,Blocked gullies can result in overflowing water and dampness to adjacent walls.,ADD,{G_DRAINAGE}::{REPAIR_GULLIES},68,OPEN
2446dfb38b,G6,Asbestos Cement Soil Stack: The soil and vent pipe is constructed of asbestos cement.,ADD,{G_DRAINAGE}::{IF_ASBESTOS_CEMENT_IS_SELECTED},65,OPEN
92b38d9020,G6,"Provided it remains in good condition and is left undisturbed, it presents a low health risk.",ADD,{G_DRAINAGE}::{SOIL_VENT_NOT_INSPECTED},44,OPEN
2eb8e4e1c1,G6,"If alteration, removal, or replacement is proposed, advice should first be obtained from a suitably qualified asbestos specialist.",MENU,,0,UNVERIFIED
c6bd7e5c9d,G7,"Not applicable: Other than the possibility of the drainage system being shared, there are no other common services to this property.",EXACT,{G_COMMON_SERVICES}::{NOT_INSPECTED},100,DONE
1fc8407710,G7,"Description: Communal services and installations, including shared drainage, grounds maintenance, cleaning, lifts, communal heating, hot water systems, door entry systems, vehicular access, parking areas, other were not specifically assessed as part of this inspection.",MENU,,0,UNVERIFIED
b0a629b82f,G7,These installations are normally subject to maintenance contracts.,EXACT,{G_COMMON_SERVICES}::{COMMON_SERVICES},100,DONE
48355a35c9,G7,Your legal adviser should confirm that appropriate maintenance arrangements are in place and establish your responsibilities for any associated service charges or future repair costs.,EXACT,{G_COMMON_SERVICES}::{COMMON_SERVICES},100,DONE
ab1448e42f,G7,Condition rating 123 H Grounds The inspection of the grounds was visual only.,ADD,{G_COMMON_SERVICES}::{CONDITION_RATING},42,OPEN
c32c71f85c,G7,"Underground services, buried structures, and concealed defects could not be inspected or confirmed as part of this inspection.",MENU,,0,UNVERIFIED
83432fbdac,G7,No inspection restrictions: There were no unusual restrictions affecting my inspection of the grounds within the apparent ownership of the property.,ADD,{G_COMMON_SERVICES}::{NOT_INSPECTED},50,OPEN
ff5b4d8f5a,G7,Restricted access: Access to the rear or external elevations of the property was not available.,ADD,{G_COMMON_SERVICES}::{COMMON_SERVICES},48,OPEN
2a2547c17b,G7,"Consequently, I was unable to inspect or comment on the condition or composition of the rear grounds.",ADD,{G_COMMON_SERVICES}::{NOT_INSPECTED},44,OPEN
ecf3b08039,G7,Comments are limited to those external areas that were visible and accessible at the time of the inspection.,ADD,{G_COMMON_SERVICES}::{NOT_INSPECTED},46,OPEN
eaa46daa9e,H1,No garage: There are no garages on the property; no further comments required.,ADD,{H_GARAGE}::{NO_GARAGE},71,OPEN
ad7afb6ecc,H1,"Not Inspected: Because access keys were not provided by the vendor or estate agent, or the provided keys could not open the garage, I was unable to inspect the garage(s) and therefore unable to comment about the internal condition of the garage(s) and roof timber or structure.",MENU,,0,UNVERIFIED
6da34f2cb4,H1,"Converted garage: The garage has been converted into habitable accommodation, an office, a workshop, other.",MENU,,0,UNVERIFIED
37155daf07,H1,The conversion was inspected visually only.,EXACT,{H_GARAGE}::{ABOUT_GARAGE_CONVERTED},100,DONE
e53eb0f349,H1,"Your legal adviser should verify that any necessary planning permission (where required), Building Regulations approval and completion certificates are available, together with any relevant warranties or guarantees.",MENU,,0,UNVERIFIED
5645ff9d7a,H1,"Shared Garage Access: Your legal adviser should confirm the rights of access, maintenance responsibilities and any liabilities relating to the shared garage access.",ADD,{H_GARAGE}::{ABOUT_GARAGE_SHARED_ACCESS},71,OPEN
0802b6d64f,H1,"Description: The property incorporates a garage in a block of garages, an attached, a detached, an integral, garage, undercroft, other garage(s).",MENU,,0,UNVERIFIED
6ae77d6251,H1,"Walls: The garage is constructed of single skin brick, cavity brick, block, prefabricated concrete, timber frame, steel frame, other wall(s).",MENU,,0,UNVERIFIED
4bb0c3709a,H1,"Where the garage comprises single skin brick walls, it should be noted that these are susceptible to dampness because they are not usually insulated.",EXACT,{H_GARAGE}::{IF_SINGLE_BRICK_SKIN_IS_SELECTED},100,DONE
3823e20397,H1,"Roof: The roof is of pitched, flat, lean-to, other construction and is covered with clay tiles, concrete tiles, slates, felt sheets, asbestos sheets, rubber membrane, single-ply membrane, GRP fibreglass, asphalt, metal sheets, plastic sheets, other material.",MENU,,0,UNVERIFIED
078f6df732,H1,"Garage Floor: The garage floor is constructed of concrete, stone, other material.",MENU,,0,UNVERIFIED
5cfdfbafad,H1,Minor cracking and surface wear are common and do not necessarily indicate structural movement.,ADD,{H_GARAGE}::{ABOUT_GARAGE_ROOF},45,OPEN
9d7b474ff5,H1,"Garage Doors: The garage is fitted with a manually, electrically operated up-and-over, roller shutter, side-hinged door, rear or side door, other constructed of steel, timber, aluminium, uPVC, GRP (fibreglass), other material.",MENU,,0,UNVERIFIED
5f967fa23f,H1,The door(s) appeared serviceable at the time of my inspection.,ADD,{H_GARAGE}::{IF_ASBESTOS_IS_SELECTED},50,OPEN
7a1ae5f4ac,H1,Routine maintenance is recommended.,EXACT,{F_OTHER}::{BASEMENT_IN_USE},100,DONE
ba78e08e2c,H1,"Condition: Where visible, the garage appears in good, reasonable, fair, poor, very poor condition.",MENU,,0,UNVERIFIED
783f809e61,H1,Routine maintenance appropriate to the age and construction of the garage should be expected.,EXACT,{H_GARAGE}::{ABOUT_GARAGE_ROOF},100,DONE
ade8e3fc1e,H1,No defects noted: No significant defects requiring immediate attention were identified unless otherwise stated below.,EXACT,{E_CHIMNEY_MULTI_STACK}::{CONDITION},100,DONE
6d6841a17a,H1,"If felt sheets is selected, add this.",MENU,,0,UNVERIFIED
21639dfd1d,H1,Flat felt roofs have a limited-service life compared with pitched roof coverings and require regular inspection and maintenance.,ADD,{H_GARAGE}::{IF_MINERAL_FELT_IS_SELECTED},60,OPEN
e7b0cedfad,H1,"Although the covering may appear satisfactory at the time of inspection, repairs or replacement should be anticipated as it approaches the end of its serviceable life.",ADD,{H_GARAGE}::{IF_MINERAL_FELT_IS_SELECTED},59,OPEN
55a4eb72d5,H1,"If asbestos sheet is selected, add this.",MENU,,0,UNVERIFIED
e18d025d35,H1,The roof covering material appears to contain asbestos.,EXACT,{H_GARAGE}::{IF_ASBESTOS_IS_SELECTED},100,DONE
61a808d1a8,H1,"If left in good condition and undisturbed, it presents a low health risk.",EXACT,{H_GARAGE}::{IF_ASBESTOS_IS_SELECTED},100,DONE
9d2304073d,H1,"However, any disturbance, repair or removal should only be undertaken following advice from a suitably qualified asbestos specialist.",MENU,,0,UNVERIFIED
4041db4034,H1,The presence of asbestos-containing materials may affect future marketability.,EXACT,{H_GARAGE}::{IF_ASBESTOS_IS_SELECTED},100,DONE
479d2b69d1,H1,"Minor defects: Defects were noted in the garage, including a leaking roof, cracked walls, rotten window frame(s), cracked glazing, a cracked floor, damaged door(s), other defects.",MENU,,0,UNVERIFIED
9817b74517,H1,Repairs are recommended in the near future to prevent further deterioration.,ADD,{H_GARAGE}::{IF_ASBESTOS_IS_SELECTED},46,OPEN
feb66f5b56,H1,"Significant defects: Serious defects were noted in the garage, including a badly leaking roof, badly cracked or unstable walls, beetle infestation, damaged glazing, a badly cracked floor, door(s) in disrepair, other significant defects.",MENU,,0,UNVERIFIED
f8fd4b53cc,H1,Prompt investigation and repair are required to address the defects and prevent further deterioration or safety risks.,ADD,{H_GARAGE}::{ABOUT_GARAGE_ROOF},45,OPEN
2ff26daf57,H1,Safety hazard: The current condition of some of the elements of the garage is a safety hazard.,EXACT,{H_GARAGE}::{REPAIR_SAFETY_HAZARD},100,DONE
5d0865ec4a,H1,You should resolve observed issues now.,EXACT,{H_GARAGE}::{REPAIR_SAFETY_HAZARD},100,DONE
2492bf6da1,H2,"Grounds: The subject property is set within level, sloping, hilly, undulating grounds.",MENU,,0,UNVERIFIED
e00c98aef8,H2,Shared Garden: The communal/shared garden is shared with neighbouring property or properties.,TOKENISED,{H_OTHER}::{SHARED_ACCESS_KNOWN},73,DONE
1c30ee65c2,H2,"Your legal adviser should confirm your rights of use, maintenance responsibilities and any associated obligations or restrictions.",EXACT,{H_OTHER}::{PRIVATE_ROAD},100,DONE
84f651e2b9,H2,"Grounds: The communal/shared garden is paved, lawned, decked, artificially lawned, laid with stones, laid with tile chippings, other.",MENU,,0,UNVERIFIED
6dd65085eb,H2,"Fence: The boundary fences are formed in timber, brick, concrete, wire mesh, hedges, shrubs, other.",MENU,,0,UNVERIFIED
66a683a5bf,H2,No Fencing: The communal/shared garden of the property does not have fencing.,ADD,{H_OTHER}::{NOT_INSPECTED},56,OPEN
8f27724315,H2,"Condition: Where visible, the garage appears in good, reasonable, fair, poor, very poor condition.",MENU,,0,UNVERIFIED
278a560e78,H2,Routine maintenance appropriate to the age and construction of the garage should be expected.,EXACT,{H_GARAGE}::{ABOUT_GARAGE_ROOF},100,DONE
6892abc416,H2,"Description: The outside areas comprise front garden, rear garden, side garden, courtyard garden, terrace, patio, other.",MENU,,0,UNVERIFIED
03925dee50,H2,"Grounds: The surfaces comprise lawn, block paving, concrete, gravel, tarmac, timber decking, composite decking, stone paving, other finishes.",MENU,,0,UNVERIFIED
9c6172d45f,H2,"Where decking is installed, it should be inspected regularly as deterioration may create a safety hazard.",ADD,{H_OTHER}::{NOT_INSPECTED},53,OPEN
eb0028f79e,H2,"Fence: The boundaries comprise timber fencing, brick walls, hedging, stone walls, concrete sections, wire, metal railings, other.",MENU,,0,UNVERIFIED
4edae09342,H2,Boundary ownership cannot be confirmed during a visual inspection.,ADD,{E_RC_DEFLECTION_OTHER}::{DEFLECTION_INVESTIGATE},46,OPEN
60bffeffa4,H2,Your legal adviser should confirm ownership and maintenance responsibilities from the title documentation and the vendor(s).,EXACT,{H_OTHER}::{REPAIR_FENCE},100,DONE
8f27724315,H2,"Condition: Where visible, the garage appears in good, reasonable, fair, poor, very poor condition.",MENU,,0,UNVERIFIED
278a560e78,H2,Routine maintenance appropriate to the age and construction of the garage should be expected.,EXACT,{H_GARAGE}::{ABOUT_GARAGE_ROOF},100,DONE
d0cb3abd7f,H2,No defects noted: No significant defects requiring immediate attention were identified unless otherwise stated below.,EXACT,{E_CHIMNEY_MULTI_STACK}::{CONDITION},100,DONE
aa41b9bc88,H2,"Repair fence: Parts of the boundary fencing are cracked, broken, unstable, leaning, loose in places, severely damaged, rotten, missing in places, other.",MENU,,0,UNVERIFIED
02de263680,H2,You should arrange to repair or replace the affected fencing soon.,ADD,{H_OTHER}::{REPAIR_SHED},64,OPEN
aa5bfa9d15,H2,"if the damage is significant, repair should be carried out promptly and may be expensive.",ADD,{H_OTHER}::{PRIVATE_ROAD},52,OPEN
d053710ae6,H2,"Sheds: There is timber, brick, aluminium, other shed(s) located within the grounds of the property.",MENU,,0,UNVERIFIED
9c539593e4,H2,"The roof(s) are pitched, flat, other, and covered with felt, tiles, metal sheets, other materials.",MENU,,0,UNVERIFIED
bee8646203,H2,"Condition: Where visible, the shed(s) appear in good, reasonable, fair, poor, very poor condition.",MENU,,0,UNVERIFIED
49a8b48d4a,H2,Routine maintenance appropriate to the age and construction of the shed should be expected.,ADD,{H_OTHER}::{NOT_INSPECTED},52,OPEN
288c207157,H2,"However, where the shed is in poor condition, you should arrange to repair or replace the shed.",MENU,,0,UNVERIFIED
d9588a9ab7,H2,"Hardstanding areas: The paths and hardstanding area appear level, reasonably level, and exhibit no unevenness, minor unevenness.",MENU,,0,UNVERIFIED
f7d52d372d,H2,Minor settlement is common and may be addressed during routine maintenance.,ADD,{H_OTHER}::{PRIVATE_ROAD},44,OPEN
6a11d70127,H2,"Where areas of uneven paving, trip hazards, or surface deterioration are present, adequate repairs and removal of damaged sections should be undertaken where necessary to maintain safe use.",MENU,,0,UNVERIFIED
cfac22e7d4,H2,"Shared Areas: The property benefits from a shared driveway, shared garden, communal parking, communal gardens, shared pathways, other access.",MENU,,0,UNVERIFIED
b4ac3b85eb,H2,"Condition: Where visible, the shared areas appear in good, reasonable, fair, poor, very poor condition.",MENU,,0,UNVERIFIED
f3a1699966,H2,Routine maintenance appropriate to the age and construction should be expected.,EXACT,{E_CHIMNEY_REPAIR_CONDITION_RATING}::{CONDITION_RATING_1},100,DONE
1c30ee65c2,H2,"Your legal adviser should confirm your rights of use, maintenance responsibilities and any associated obligations or restrictions.",EXACT,{H_OTHER}::{PRIVATE_ROAD},100,DONE
aa2e2ec16d,H2,Private road: The road serving the property appears to be private and may not be maintained at public expense.,EXACT,{H_OTHER}::{PRIVATE_ROAD},100,DONE
32ade209d3,H2,"Your legal adviser should confirm its status, together with any rights of access, maintenance responsibilities, and associated liabilities.",MENU,,0,UNVERIFIED
0aa56abd30,H2,"Outbuilding: The property incorporates a large shed, workshop, annex, summer house, office, studio, other permanent structure (s).",MENU,,0,UNVERIFIED
c369f4ed37,H2,"Construction: The structure(s) is formed of bricks, blocks, timber, steel, prefabricated concrete, aluminium, composite boards, other materials.",MENU,,0,UNVERIFIED
03fcf9de93,H2,"Roof: The roof is of pitched, flat, lean-to, other construction and is covered with clay tiles, concrete tiles, slates, felt, rubber membrane, metal sheets, other material.",MENU,,0,UNVERIFIED
467cd311ab,H2,"Floor: The floor is constructed of concrete, suspended timber, engineered timber, beam and block, other material.",MENU,,0,UNVERIFIED
ea17e5df13,H2,"Minor cracking, shrinkage, and surface wear to concrete floors are not uncommon and do not necessarily indicate structural movement.",MENU,,0,UNVERIFIED
3ee9267e87,H2,"The floor was inspected visually only, and concealed areas beneath floor coverings or finishes could not be examined.",ADD,{H_OTHER}::{NOT_INSPECTED},49,OPEN
9ec6c9b4fe,H2,"Doors and windows: The outbuilding(s) are fitted with door(s) and/or window(s) formed of timber uPVC, aluminium, metal, other framed units.",MENU,,0,UNVERIFIED
1b71ce7387,H2,These appeared serviceable at the time of my inspection.,ADD,{H_OTHER}::{LARGE_OUTBUILDING},50,OPEN
4c5eb18bf3,H2,Routine maintenance is recommended.,EXACT,{F_OTHER}::{BASEMENT_IN_USE},100,DONE
da7c8dddb5,H2,"Condition: Where visible, the building appears in good, reasonable, fair, poor, very poor condition.",MENU,,0,UNVERIFIED
7eb48cc8ec,H2,Routine maintenance appropriate to the age and construction of the outbuilding should be expected.,ADD,{H_OTHER}::{NOT_INSPECTED},51,OPEN
d0cb3abd7f,H2,No defects noted: No significant defects requiring immediate attention were identified unless otherwise stated below.,EXACT,{E_CHIMNEY_MULTI_STACK}::{CONDITION},100,DONE
d1c3e28e49,H2,"Repair outbuilding: Parts of the shed, workshop, annex, summer house, office, studio, other permanent outbuilding are damaged, have broken parts, is unstable, is rotted in places, have missing sections, other.",MENU,,0,UNVERIFIED
6c81972f5e,H2,"This should be repaired soon, and if the defects are significant or present a hazard, it should be promptly repaired.",MENU,,0,UNVERIFIED
b38dee8da7,H2,"Retaining Wall: The retaining wall(s) is cracked, leaning, distorted, unstable, weak, damaged, in poor condition and may present a potential safety hazard.",MENU,,0,UNVERIFIED
a4466f701b,H2,"As retaining walls support significant ground loads, failure could result in substantial damage and costly repairs.",ADD,{H_OTHER}::{REPAIR_RETAINING_WALLS},49,OPEN
d19068ec8c,H2,An appropriately qualified specialist should inspect the wall without delay and recommend any necessary remedial works.,ADD,{H_OTHER}::{REPAIR_RETAINING_WALLS},62,OPEN
259780da55,H2,"If the retaining wall is shared with the neighbouring property owner, they may have some rights.",EXACT,{H_OTHER}::{REPAIR_RETAINING_WALLS},100,DONE
768e83ba2e,H2,"Before any work is done, you should ask your legal adviser to investigate this matter and explain the implications.",EXACT,{H_OTHER}::{REPAIR_RETAINING_WALLS},100,DONE
64efb18473,H2,Nearby Trees: One or more trees are located close to the property.,ADD,{H_OTHER}::{SHARED_ACCESS_UNKNOWN},49,OPEN
9008ccdca8,H2,"Tree roots can, in certain ground conditions, influence foundations, particularly where mature trees are close to buildings and during prolonged dry periods.",MENU,,0,UNVERIFIED
83265d5c46,H2,"No defects: No significant detrimental effects on the property were noted to date, although the trees should be regularly pruned to restrict future growth and minimise the risk of defects occurring.",EXACT,{H_OTHER}::{REPAIR_NEARBY_TREES_OK},100,DONE
4cdfcebc2c,H2,Defects noted: One or more trees are located close to the property.,ADD,{H_OTHER}::{SHARED_ACCESS_UNKNOWN},49,OPEN
9008ccdca8,H2,"Tree roots can, in certain ground conditions, influence foundations, particularly where mature trees are close to buildings and during prolonged dry periods.",MENU,,0,UNVERIFIED
c6a3d9406c,H2,"With groups of trees, the risk is usually greatest during prolonged dry spells.",EXACT,{H_OTHER}::{REPAIR_NEARBY_TREES_OK},100,DONE
490d6d6ab9,H2,"Detrimental effects on the property, fencing, finished grounds, outbuilding, other were noted that include significant cracks, subsidence movement.",MENU,,0,UNVERIFIED
76d636c593,H2,You should contact a qualified person for further investigation and advice.,EXACT,{H_OTHER}::{REPAIR_NEARBY_TREES_PROBLEM},100,DONE
e823d63ef4,H2,"Also, the trees should be regularly pruned to restrict future growth and minimise the risk of further defects occurring.",EXACT,{H_OTHER}::{REPAIR_NEARBY_TREES_PROBLEM},100,DONE
d082d5d4ac,H2,Subsoil: The exact nature of the subsoil has not been investigated as part of this survey.,EXACT,{H_OTHER}::{REPAIR_SHRINKABLE_CLAY},100,DONE
fa55f27465,H2,"However, the subsoil in the area may include shrinkable clay.",EXACT,{H_OTHER}::{REPAIR_SHRINKABLE_CLAY},100,DONE
78283f4074,H2,"Where present, this type of subsoil can be susceptible to seasonal moisture changes, which may result in movement due to shrinking during dry periods and expansion during wetter conditions.",MENU,,0,UNVERIFIED
6b44066d78,H2,"Your legal adviser should confirm, where applicable, ownership of the shared areas, rights of access, maintenance responsibilities, service charge liabilities, and any restrictions affecting their use.",MENU,,0,UNVERIFIED
0d6d3bf905,H3,"Right of Way: The property benefits from and/or is subject to shared rights of way over a private road, driveway, footpath, entrance lobby, or other shared access.",MENU,,0,UNVERIFIED
90810e07cd,H3,"Your legal adviser should confirm the rights of access, maintenance responsibilities and any associated.",ADD,{H_OTHER_AREA}::{LIFTS},65,OPEN
133d22fa50,H3,Lifts: The building is served by one or more passenger lifts.,EXACT,{H_OTHER_AREA}::{LIFTS},100,DONE
d83fb5429e,H3,These are specialist installations and were not inspected or assessed as part of this survey.,EXACT,{H_OTHER_AREA}::{LIFTS},100,DONE
5f4feda77f,H3,"Your legal adviser should confirm that appropriate inspection, maintenance, and servicing arrangements are in place.",MENU,,0,UNVERIFIED
2d2431e9cd,H3,"Flooding: The property is in an area that may be at risk of flooding due to its proximity to a river, canal, the coast, low-lying land, reservoir, other watercourse.",MENU,,0,UNVERIFIED
1ee72400da,H3,"Your legal adviser should make appropriate enquiries and, where necessary, obtain an environmental or flood risk report.",MENU,,0,UNVERIFIED
b8ca97d7fa,H3,"Electromagnetic Fields (EMF): Electromagnetic Fields: The property is located close to an electricity substation, high-voltage overhead power lines, pylons, other, which may give rise to concerns regarding electromagnetic fields.",MENU,,0,UNVERIFIED
28c53df40e,H3,Such installations may also generate noise and can affect the property's marketability.,ADD,{H_OTHER_AREA}::{COMMON_GARDEN},50,OPEN
b205ed2cd5,H3,Further information can be obtained from the electricity network operator or the UK Health Security Agency (formerly the Health Protection Agency).,ADD,{H_OTHER_AREA}::{EMF},56,OPEN
ae33d378f5,H3,The property is located close to electricity infrastructure that may give rise to concerns regarding electromagnetic fields.,ADD,{H_OTHER_AREA}::{FLOODING},55,OPEN
c448b0ee32,H3,Japanese Knotweed Not Inspected: Japanese Knotweed: Dense vegetation or restricted access prevented a full inspection of the grounds.,ADD,{H_OTHER_AREA}::{LIFTS},49,OPEN
54d4e3071e,H3,"Consequently, I cannot confirm whether Japanese knotweed or other invasive plants are present.",EXACT,{H_OTHER_AREA}::{KNOTWEED_RESTRICTED_VIEW},100,DONE
04fa9a06d8,H3,Further investigation by a suitably qualified specialist is recommended if required.,ADD,{H_OTHER_AREA}::{KNOTWEED_NOTED},65,OPEN
d64b797b74,H3,Not Found: No evidence of Japanese knotweed was observed within the areas inspected.,ADD,{H_OTHER_AREA}::{KNOTWEED_NOTED},57,OPEN
fe1dd4e4cb,H3,"However, the inspection was limited to those areas that were visible and reasonably accessible at the time of the survey, and its absence cannot be guaranteed.",MENU,,0,UNVERIFIED
037cb4b6c4,H3,"Recent gardening works, dense vegetation, or other ground cover may conceal evidence of invasive plants and prevent their identification during a visual inspection.",MENU,,0,UNVERIFIED
3bf7296a1c,H3,Found: Japanese knotweed was identified within or adjacent to the property boundary.,TOKENISED,{H_OTHER_AREA}::{KNOTWEED_NOTED},65,DONE
50851eb185,H3,"This invasive plant can damage hard landscaping and, in some circumstances, affect structures.",MENU,,0,UNVERIFIED
e0fe2522ea,H3,"It may also affect mortgageability, insurability, marketability, and value.",MENU,,0,UNVERIFIED
e8df6ebe57,H3,I recommend that you arrange for further inspection by a remediation specialist who is a member of a recognised body so that you can get advice about future management and control and an insurance-backed guarantee.,ADD,{H_OTHER_AREA}::{KNOTWEED_NOTED},42,OPEN
31fa36836e,H3,Management A: Japanese knotweed is present and has caused damage to building structures and/or boundary features.,ADD,{H_OTHER_AREA}::{KNOTWEED_NOTED},53,OPEN
a0e81a94e2,H3,A suitably qualified invasive weed specialist should inspect the site without delay and implement an appropriate treatment and remediation programme.,ADD,{H_OTHER_AREA}::{KNOTWEED_NOTED},47,OPEN
ebcb8ba836,H3,Management B: Japanese knotweed is present and is adversely affecting the use of the property or its amenities.,TOKENISED,{H_OTHER_AREA}::{KNOTWEED_NOTED},60,DONE
19a64902b5,H3,A specialist treatment and management plan should be implemented.,ADD,{H_OTHER_AREA}::{LIFTS},47,OPEN
10e6429afd,H3,"Management C: Japanese knotweed is present, but no damage to buildings or boundary structures was evident at the time of inspection.",ADD,{H_OTHER_AREA}::{KNOTWEED_NOTED},55,OPEN
2e7c745852,H3,A specialist management or treatment programme is nevertheless recommended.,ADD,{H_OTHER_AREA}::{NOT_INSPECTED},50,OPEN
4a1f46ec17,H3,Management D: Japanese knotweed was observed on neighbouring land within approximately three metres of the property boundary.,ADD,{H_OTHER_AREA}::{KNOTWEED_NOTED},54,OPEN
cb70f0454d,H3,"Although no damage was evident to the subject property, the infestation should be monitored, and your legal adviser should make appropriate enquiries where necessary.",MENU,,0,UNVERIFIED
49b05e1c1b,I1,Regulations The comments below are based solely on a visual inspection of the property and should not be regarded as legal advice.,ADD,{ISSUE_REGULATIONS}::{REGULATIONS_CONVERSION_STATUS_UNKNOW},45,OPEN
b7068d63f4,I1,Your legal adviser should make appropriate enquiries and obtain supporting documentation where necessary.,ADD,{ISSUE_REGULATIONS}::{REGULATIONS_LISTED_BUILDING},54,OPEN
c71ae9998b,I1,"Your legal adviser should investigate and confirm the following, where applicable: Property Alterations - Whether extensions, alterations, conversions, or structural modifications have the necessary Planning Permission, Building Regulation approval, Completion Certificates, and any other statutory consents.",MENU,,0,UNVERIFIED
3be393f26d,I1,"New Build Property: Your legal adviser should confirm whether the property benefits from a recognised new home warranty (such as NHBC, LABC, Premier Guarantee or equivalent), the remaining period of cover, the extent of the protection provided, and whether all relevant completion certificates and warranty documentation are available.",MENU,,0,UNVERIFIED
15ec4d0673,I1,"Roof Alterations and Loft Conversions - Whether roof replacements, structural roof alterations or loft conversions have the necessary statutory approvals and completion certificates.",ADD,{ISSUE_REGULATIONS}::{REGULATIONS_CONVERSION_STATUS_KNOW},46,OPEN
c665a5e484,I1,Converted Building: The property forms part of a building that has been converted from its original use into residential accommodation.,ADD,{ISSUE_REGULATIONS}::{REGULATIONS_CONVERSION_STATUS_KNOW},54,OPEN
ac049c3893,I1,"Your legal adviser should confirm that the conversion and any subsequent alterations received the necessary Planning Permission (where required), Building Regulation approval, and Completion Certificate.",MENU,,0,UNVERIFIED
2d9e189160,I1,"They should also confirm that any associated guarantees, warranties, and statutory documentation are available and advise on any implications for the property's value, marketability, and mortgageability.",MENU,,0,UNVERIFIED
dd5971baba,I1,Chimney Breast Alterations - Whether the removal or alteration of chimney breasts received Building Regulation approval and any required structural certification.,ADD,{ISSUE_REGULATIONS}::{REGULATIONS_BUILDING_REGULATION},52,OPEN
57d8ac5722,I1,Replacement Windows and Doors - Whether replacement installations comply with Building Regulations and have appropriate certification.,ADD,{ISSUE_REGULATIONS}::{REGULATIONS_CONVERSION_STATUS_KNOW},45,OPEN
ce68c672e4,I1,Electrical Installation - Whether a recent Electrical Installation Condition Report (EICR) is available.,ADD,{ISSUE_REGULATIONS}::{REGULATIONS_CONSERVATION},43,OPEN
2417e896e5,I1,Gas Installation - Whether recent gas safety inspections and servicing records are available.,ADD,{ISSUE_REGULATIONS}::{REGULATIONS_CONSERVATION},50,OPEN
c4d71fb5df,I1,Asbestos - Whether asbestos surveys or asbestos management information are available where asbestos-containing materials are suspected.,ADD,{ISSUE_REGULATIONS}::{REGULATIONS_LISTED_BUILDING},46,OPEN
5e22410bb8,I1,Flood Risk - Environmental searches to establish flood risk and any previous flooding.,ADD,{ISSUE_REGULATIONS}::{REGULATIONS_CONVERSION_STATUS_KNOW},42,OPEN
a06891d78a,I1,"Mining and Ground Stability - Mining, ground stability, or other relevant environmental searches where appropriate.",MENU,,0,UNVERIFIED
9fc4a48920,I1,"Trees - Whether Tree Preservation Orders, Conservation Area restrictions or other legal constraints apply.",ADD,{ISSUE_REGULATIONS}::{REGULATIONS_CONVERSION_STATUS_KNOW},45,OPEN
74e0406870,I1,"Rights of Way and Easements - Rights of access, easements, wayleaves, covenants, and any other rights affecting the property.",MENU,,0,UNVERIFIED
3a233d20db,I1,Boundaries - Boundary ownership and maintenance responsibilities from the title documentation.,ADD,{ISSUE_REGULATIONS}::{REGULATIONS_CONVERSION_STATUS_KNOW},42,OPEN
af22eb27be,I1,"Shared Facilities - Ownership, maintenance obligations, service charges, reserve funds, and future liabilities.",MENU,,0,UNVERIFIED
40d8c370e1,I1,Private Roads and Shared Access - Maintenance responsibilities and associated financial obligations.,ADD,{ISSUE_REGULATIONS}::{REGULATIONS_CONVERSION_STATUS_KNOW},44,OPEN
234a9738b7,I1,"Drainage - The drainage arrangement, maintenance responsibilities, and compliance with current regulations where applicable.",MENU,,0,UNVERIFIED
00a091264e,I1,"Leasehold Property - Remaining lease term, ground rent, service charges, reserve fund contributions, planned major works, lease restrictions and repair obligations.",MENU,,0,UNVERIFIED
e31ccd8809,I1,"Freehold Property - Any restrictive covenants, estate charges or management arrangements affecting the property.",ADD,{ISSUE_REGULATIONS}::{REGULATIONS_CONVERSION_STATUS_KNOW},44,OPEN
1cebb1ba4f,I1,Listed Building: The property may be a listed building.,EXACT,{ISSUE_REGULATIONS}::{REGULATIONS_LISTED_BUILDING},100,DONE
94d506c6ce,I1,"Your legal adviser should confirm its listed status, the grade of listing, and explain the legal implications of ownership.",MENU,,0,UNVERIFIED
44ed37ee18,I1,"Listed buildings are subject to statutory protection, and alterations, extensions, repairs, or demolition may require Listed Building Consent and, where applicable, Planning Permission.",MENU,,0,UNVERIFIED
f34f0be55c,I1,"Repairs may also need to be carried out using traditional materials and specialist contractors, which can increase maintenance and repair costs.",EXACT,{ISSUE_REGULATIONS}::{REGULATIONS_LISTED_BUILDING},100,DONE
45dc342e4a,I2,"Where applicable, your legal adviser should obtain copies of available guarantees, warranties, certificates, and supporting documentation relating to: Window/doors: Replacement windows and external doors (including FENSA, CERTASS or Building Regulation certification).",MENU,,0,UNVERIFIED
594d4300e4,I2,"Boiler: Boiler installations, servicing, commissioning documentation, and heating system warranties.",MENU,,0,UNVERIFIED
c9e724fc64,I2,"Structural alterations: Structural alterations, roof replacements, loft conversions and associated structural calculations or guarantees.",MENU,,0,UNVERIFIED
67e56e93ca,I2,"DPC treatment: Damp-proofing treatment works, including treatment specifications and contractor details.",ADD,,0,OPEN
fbd0d1cffe,I2,"Timber treatment: Timber treatment works, including treatment specifications and contractor details.",ADD,,0,OPEN
f3ef7bc75f,I2,"Cavity insulation: Cavity wall insulation installation certificates, guarantees, and warranties.",MENU,,0,UNVERIFIED
30f0ce89ea,I2,"Spray foam: Spray foam insulation installation details, guarantees and warranties, together with confirmation of any lender requirements.",MENU,,0,UNVERIFIED
92c9f998d2,I2,"Renewable energy: Renewable energy installations, including solar PV, solar thermal, battery storage, air source heat pumps, and ground source heat pumps, together with installation certificates, ownership details, maintenance agreements, warranties and any lease or finance agreements.",MENU,,0,UNVERIFIED
9d78f7dcdb,I2,"Others: Any other significant repair, improvement, or structural work where guarantees, warranties or certification are available.",MENU,,0,UNVERIFIED
7f42c3d0a6,I3,Freehold Property: The property is understood to be held on a freehold basis.,EXACT,{ISSUE_OTHER_MATTERS}::{OTHER_MATTERS_FREEHOLD},100,DONE
0b22e8ca5c,I3,"Your legal adviser should confirm the tenure, that vacant possession will be available on completion, and whether the title is subject to any restrictive covenants, easements, rights of way, or other matters that could affect the use, enjoyment, marketability, or value of the property.",MENU,,0,UNVERIFIED
cfc364a421,I3,"Your legal adviser should also confirm whether there are any estate rent charges, maintenance contributions, management company obligations, or other ongoing financial liabilities associated with the property.",MENU,,0,UNVERIFIED
642fb7c1ed,I3,"Where the property forms part of a managed estate or private development, enquiries should be made regarding the management arrangements, service or estate charges, planned maintenance works, and any outstanding financial liabilities or disputes.",MENU,,0,UNVERIFIED
851a08034b,I3,"Leasehold Property: Your legal adviser should also confirm the amount of any ground rent, service charges, reserve fund contributions, and whether these are reasonable.",MENU,,0,UNVERIFIED
f0e77d4553,I3,"They should investigate the lease for any onerous covenants, restrictions, or unusual obligations that could affect the property's value, marketability, or future sale.",MENU,,0,UNVERIFIED
f62a0b5dd0,I3,"Enquiries should be made of the landlord or managing agent to establish whether there are any outstanding service charges, planned major works, disputes, or significant future expenditure.",MENU,,0,UNVERIFIED
33a0fa06c5,I3,Confirmation should also be obtained that appropriate buildings insurance and management arrangements are in place.,ADD,{ISSUE_OTHER_MATTERS}::{OTHER_MATTERS_LEASEHOLD},49,OPEN
3e0964c8b2,I3,"Share of Freehold Property: Where the property is held with a share of the freehold, your legal adviser should confirm the ownership structure, the remaining lease term, rights and obligations under the lease, responsibility for repairs and maintenance, service charges, reserve fund contributions, management arrangements, any restrictive covenants, and whether there are any planned major works or ongoing disputes affecting the building.",MENU,,0,UNVERIFIED
b0bf1fe9b9,I3,"Flying Freehold: Where the property includes or is affected by a flying freehold, your legal adviser should confirm the extent of the flying freehold and ensure that adequate rights of support, shelter, protection, access for inspection, maintenance and repair are contained within the title.",MENU,,0,UNVERIFIED
2d83ab488b,I3,"They should also confirm that there are no restrictions which could adversely affect the property's marketability or mortgageability, and that suitable indemnity insurance or other legal protection is available where required.",ADD,{ISSUE_OTHER_MATTERS}::{OTHER_MATTERS_FREEHOLD},50,OPEN
cc2ad63616,I3,Private Road: The property is accessed via a private road or shared access.,ADD,{ISSUE_OTHER_MATTERS}::{OTHER_MATTERS_FREEHOLD},61,OPEN
c4c80abed4,I3,"Your legal adviser should confirm ownership, rights of access, maintenance responsibilities, and any financial obligations associated with its upkeep.",MENU,,0,UNVERIFIED
9954b7f6d1,I3,Rights of Way: The property may be affected by rights of way or other third-party rights.,ADD,{ISSUE_OTHER_MATTERS}::{OTHER_MATTERS_FREEHOLD},52,OPEN
634733a0a6,I3,"Your legal adviser should confirm whether any such rights exist and advise on any implications for the use, enjoyment, marketability, and value of the property.",MENU,,0,UNVERIFIED
7ef876c2c7,I3,Party Wall: The property shares one or more walls or structural elements with neighbouring property.,EXACT,{ISSUE_OTHER_MATTERS}::{OTHER_MATTERS_PARTY_WALLS},100,DONE
d7c3a90516,I3,"Your legal adviser should explain any legal implications, including those arising under the Party Wall etc.",EXACT,{ISSUE_OTHER_MATTERS}::{OTHER_MATTERS_PARTY_WALLS},100,DONE
390bbe1da2,I3,"Act 1996, where applicable, particularly if you intend to undertake structural alterations or certain repair works.",EXACT,{ISSUE_OTHER_MATTERS}::{OTHER_MATTERS_PARTY_WALLS},100,DONE
b9080863c3,I3,"Tenanted Property: The property appears to be, or may be, occupied by a tenant.",MENU,,0,UNVERIFIED
c0a173545a,I3,Your legal adviser should confirm whether the property will be sold with vacant possession on completion and advise on any tenancy agreements or occupiers' rights that may affect the purchase.,ADD,{ISSUE_OTHER_MATTERS}::{OTHER_MATTERS_TENANTED},62,OPEN
5a75c0067b,I3,"General Legal Enquiries: Your legal adviser should raise any additional enquiries considered appropriate following review of this report, the contract documentation, and the property title.",MENU,,0,UNVERIFIED
7a09cf35ae,I3,The matters identified above arise from a visual inspection only and are intended to assist your legal adviser during the conveyancing process.,ADD,{ISSUE_OTHER_MATTERS}::{OTHER_MATTERS_LEASEHOLD},53,OPEN
7a2d887077,I3,"They should not be regarded as a comprehensive list of legal enquiries, and your legal adviser should make any additional investigations considered appropriate.",ADD,{ISSUE_OTHER_MATTERS}::{OTHER_MATTERS_LEASEHOLD},48,OPEN
5b27a93105,I3,"J Risks This section highlights risks identified during the visual inspection that may affect the property, its occupants or future maintenance.",ADD,{ISSUE_OTHER_MATTERS}::{OTHER_MATTERS_RIGHT_OF_WAY},49,OPEN
20a70c065f,I3,The comments are based solely on the condition observed at the time of the inspection.,ADD,{ISSUE_OTHER_MATTERS}::{OTHER_MATTERS_PRIVATE_ROAD},49,OPEN
61f7baec30,I3,The Home Survey is a visual inspection only and cannot identify every potential risk.,ADD,{ISSUE_OTHER_MATTERS}::{OTHER_MATTERS_FREEHOLD},48,OPEN
2ff4e42c77,I3,"Where appropriate, further investigation by an appropriately qualified person is recommended.",ADD,{ISSUE_OTHER_MATTERS}::{OTHER_MATTERS_FREEHOLD},45,OPEN
7874f717a5,J1,"Structural Movement: Evidence of historic, localised, recurring, progressive movement, including possible structural was observed.",MENU,,0,UNVERIFIED
d7237c1c8d,J1,"Where movement appears progressive or structurally significant, further investigation by an appropriately qualified structural engineer is recommended before legal commitment.",EXACT,{RISK_TO_BUILDING}::{BUILDING_MOVEMENTS_STATUS_INVESTIGATE},100,DONE
5045b3b905,J1,"Water Penetration: Evidence of roof leakage, penetrating damp, plumbing leakage, condensation, and localised dampness was observed.",MENU,,0,UNVERIFIED
4844001d64,J1,The source should be identified and repaired to prevent further deterioration.,EXACT,{F_ABOUT_ROOF_STRUCTURE}::{EVIDENCE_WATER_PENETRATION},100,DONE
a99dc05367,J1,"Timber Decay: Evidence of wet rot, dry rot, localised timber decay was observed.",MENU,,0,UNVERIFIED
efffe04bce,J1,The source of moisture should be identified and repaired before remedial timber works are undertaken.,EXACT,{F_WOOD_WORK}::{REPAIR_DAMP_TIMBER},100,DONE
6ed915033e,J1,Wood-Boring Insects: Evidence of active or historic wood-boring insect activity was observed.,ADD,,0,OPEN
30f883c6ec,J1,Further investigation by an appropriately qualified timber specialist is recommended where activity appears active or widespread.,ADD,,0,OPEN
66898ad7c9,J1,"Condensation: Evidence of condensation, surface mould growth, limited ventilation was observed.",MENU,,0,UNVERIFIED
99905703ef,J1,Maintaining appropriate heating and ventilation should assist in reducing condensation.,ADD,,0,OPEN
14fbc14305,J1,"Drainage: Evidence of blocked gullies, standing water, poor surface drainage, localised ponding was observed.",MENU,,0,UNVERIFIED
08fb148d21,J1,Maintenance or further investigation should be undertaken where necessary.,ADD,,0,OPEN
b20870b1ce,J1,"Significant subsidence: Significant cracks associated with structural movement were noted to the building, the corresponding internal walls, and the party walls.",MENU,,0,UNVERIFIED
e663fa7d19,J1,"I am unable to confirm, from a single visual inspection, whether the movement is historic and stable or progressive.",MENU,,0,UNVERIFIED
79d0562fd9,J1,"I recommend that you instruct a suitably qualified structural engineer to investigate the cause, extent, and current activity of the movement before you exchange contracts.",MENU,,0,UNVERIFIED
3f01e7e42a,J1,Tree defects: One or more trees are located close to the property.,ADD,,0,OPEN
750d3e78cf,J1,Detrimental effects on the property were noted.,ADD,,0,OPEN
da58607b1c,J1,You should contact a qualified person for further investigation and advice.,EXACT,{H_OTHER}::{REPAIR_NEARBY_TREES_PROBLEM},100,DONE
e028281c9b,J2,"Influencing trees: There are small, medium or large trees within influencing distance of the property.",FIX,{RISK_TO_GROUNDS}::{GROUNDS_INFLUENCING_TREES},84,OPEN
003846ae76,J2,"Where no evidence of damage was observed, no further action is required.",EXACT,{RISK_TO_GROUNDS}::{GROUNDS_INFLUENCING_TREES},100,DONE
9a30c52b3e,J2,"However, where damage is evident, further investigation should be undertaken by a qualified tree specialist.",MENU,,0,UNVERIFIED
bf09032e1e,J2,Routine tree management should be carried out as necessary.,EXACT,{RISK_TO_GROUNDS}::{GROUNDS_INFLUENCING_TREES},100,DONE
8421398ff9,J2,"Retaining Walls: Evidence of movement, bulging, cracking, deterioration was observed.",MENU,,0,UNVERIFIED
9f473a8c8a,J2,Further investigation should be undertaken where structural stability appears affected and appropriate repair or rebuild organised.,EXACT,{RISK_TO_GROUNDS}::{GROUNDS_RETAINING_WALLS},100,DONE
6278ba8965,J2,"Sloping Ground: The property may be situated on gently, moderately, steeply sloping ground.",MENU,,0,UNVERIFIED
d8c6a36242,J2,"Sloping sites are more susceptible to drainage problems, erosion, ground movement, and retaining wall issues if not properly maintained.",MENU,,0,UNVERIFIED
f26bde1fdb,J2,"Regular monitoring and routine maintenance of drainage systems, external ground levels, and retaining structures (where present) are recommended to help minimise future risks.",MENU,,0,UNVERIFIED
2786cc81d6,J3,"Trip Hazards: Potential trip hazards were identified, including uneven paving, damaged steps, raised thresholds, uneven floor surfaces, loose floor coverings, damaged decking, other.",MENU,,0,UNVERIFIED
5dd592b423,J3,Repairs should be undertaken to reduce the risk of injury.,EXACT,{RISK_TO_PEOPLE}::{PEOPLE_TRIP_HAZARDS},100,DONE
329da6b251,J3,Damaged Stairs: The staircase requires some repairs based upon a visual inspection.,EXACT,{RISK_TO_PEOPLE}::{PEOPLE_DAMAGED_STAIRS},100,DONE
bc885d7856,J3,"Where loose handrails, damaged balustrades or uneven treads are present, these should be repaired promptly.",MENU,,0,UNVERIFIED
5502611ba9,J3,"Also, defective guarding should be repaired without delay.",EXACT,{RISK_TO_PEOPLE}::{PEOPLE_DAMAGED_STAIRS},100,DONE
da3216a51b,J3,Electrical Safety: Visible defects were identified.,EXACT,{RISK_TO_PEOPLE}::{PEOPLE_ELECTRICAL_SAFETY},100,DONE
b6ef28c179,J3,Further inspection by a qualified electrician is recommended before legal commitment.,EXACT,{RISK_TO_PEOPLE}::{PEOPLE_ELECTRICAL_SAFETY},100,DONE
8fac75440c,J3,Gas Safety: Gas appliances and installations were not assessed.,EXACT,{RISK_TO_PEOPLE}::{PEOPLE_GAS_SAFETY},100,DONE
f387dd0c6d,J3,"Where there is any doubt regarding their age, condition or maintenance history, inspection by a Gas Safe registered engineer is recommended before legal commitment.",MENU,,0,UNVERIFIED
30c21138ea,J3,Asbestos: Properties constructed before 2000 may contain asbestos-containing materials (ACMs).,EXACT,{RISK_TO_PEOPLE}::{PEOPLE_ASBESTOS},100,DONE
a7947d7b63,J3,"As a precaution, we recommend that an asbestos identification survey is carried out by a suitably qualified and licensed asbestos surveyor before purchase, particularly if you intend to undertake refurbishment, alterations, or demolition works.",MENU,,0,UNVERIFIED
676b6c1a53,J3,"In addition to any asbestos-containing materials specifically referred to elsewhere in this report, other concealed or inaccessible asbestos materials may also be present.",EXACT,{RISK_TO_PEOPLE}::{PEOPLE_ASBESTOS},100,DONE
8ec887184e,J3,The inspection undertaken for this survey is not intended to identify or confirm the presence of asbestos.,EXACT,{RISK_TO_PEOPLE}::{PEOPLE_ASBESTOS},100,DONE
cd60cf98c4,J3,"According to the Health and Safety Executive (HSE), asbestos-containing materials do not normally present a significant health risk if they are in good condition and remain undisturbed.",EXACT,{RISK_TO_PEOPLE}::{PEOPLE_ASBESTOS},100,DONE
ee1faf1c43,J3,"However, if such materials are damaged, drilled, cut, or otherwise disturbed, asbestos fibres may be released, posing a health hazard and requiring specialist management or removal.",MENU,,0,UNVERIFIED
b3cdc1b162,J3,Any work involving suspected asbestos-containing materials must comply with the **Control of Asbestos Regulations 2012**.,FIX,{RISK_TO_PEOPLE}::{PEOPLE_ASBESTOS},98,OPEN
b6c119037e,J3,"These regulations impose strict requirements on the assessment, handling, removal, and disposal of asbestos, which can significantly increase the cost of repair, maintenance, or alteration works.",MENU,,0,UNVERIFIED
3bb9dbe321,J3,"If asbestos is suspected or confirmed, your legal adviser should make appropriate enquiries regarding any previous asbestos surveys, removal works, or management records relating to the property.",MENU,,0,UNVERIFIED
06ce4e9969,J3,Further advice should be obtained where refurbishment is proposed.,EXACT,{RISK_TO_PEOPLE}::{PEOPLE_ASBESTOS},100,DONE
c3d9a7a301,J3,Mould Growth: Localised mould growth associated with condensation was observed.,EXACT,{RISK_TO_PEOPLE}::{PEOPLE_MOULD_GROWTH},100,DONE
8b65e77e7f,J3,Maintaining adequate heating and ventilation should assist in reducing further mould growth.,EXACT,{RISK_TO_PEOPLE}::{PEOPLE_MOULD_GROWTH},100,DONE
c6a8049454,J3,"General Advice: The inspection identified matters requiring repair, maintenance, or further investigation.",MENU,,0,UNVERIFIED
479b4a7232,J3,These should be considered before legal commitment and reflected in your future maintenance planning.,EXACT,{RISK_TO_PEOPLE}::{PEOPLE_GENERAL_ADVICE},100,DONE
935b8898b2,J3,Buildings require regular inspection and maintenance throughout their service life.,EXACT,{RISK_TO_PEOPLE}::{PEOPLE_GENERAL_ADVICE},100,DONE
00ac92a251,J3,Prompt attention to isolated defects will normally reduce the likelihood of more extensive deterioration and costly future repairs.,EXACT,{RISK_TO_PEOPLE}::{PEOPLE_GENERAL_ADVICE},100,DONE
525d7a0374,J3,"Where specialist inspections have been recommended within this report, these should be obtained before legal commitment where practicable.",EXACT,{RISK_TO_PEOPLE}::{PEOPLE_GENERAL_ADVICE},100,DONE
27fc8a5f3e,J4,Airport: The property is located close to an airport and/or flight path.,EXACT,{RISK_TO_OTHER}::{OTHER_PROXIMITY_AIRPORT},100,DONE
547aa675a4,J4,"Aircraft operations may result in noise and disturbance, which could affect the enjoyment, marketability, and value of the property.",MENU,,0,UNVERIFIED
a8c6106835,J4,Train Station: The property is located close to a railway station.,EXACT,{RISK_TO_OTHER}::{OTHER_PROXIMITY_TRAIN_STATION},100,DONE
0e28856543,J4,"Associated rail operations, passenger activity, traffic, and noise may affect the enjoyment, marketability, and value of the property.",MENU,,0,UNVERIFIED
398eab5bc0,J4,Railway Line: The property is located close to a railway line.,EXACT,{RISK_TO_OTHER}::{OTHER_PROXIMITY_TRAIN_LINE},100,DONE
2db06b9c9a,J4,"Passing trains may generate noise and vibration, which could affect the enjoyment, marketability, and value of the property.",MENU,,0,UNVERIFIED
f3faa02e51,J4,Motorway: The property is located close to a motorway.,EXACT,{RISK_TO_OTHER}::{OTHER_PROXIMITY_MOTORWAY},100,DONE
b01cfed8b5,J4,"Traffic noise, air quality, and associated activity may affect the enjoyment, marketability, and value of the property.",MENU,,0,UNVERIFIED
c7f1f30746,J4,"Further Investigations and Repairs: Where repairs or further investigations are recommended, you should obtain quotations from suitably qualified and reputable contractors before exchanging contracts.",EXACT,{RISK_TO_OTHER}::{OTHER_REPAIR_IMPROVE},100,DONE
192c669c42,J4,"The results of these investigations, together with advice from your legal adviser, may influence your decision to proceed or the price you are prepared to pay.",MENU,,0,UNVERIFIED
c9c6baa8f4,J4,"Until these enquiries have been completed, the extent and cost of any necessary remedial works cannot be confirmed.",EXACT,{RISK_TO_OTHER}::{OTHER_REPAIR_IMPROVE},100,DONE
63aee53008,J4,Proceeding with the purchase before obtaining this information means accepting the risk that additional defects or costs may become apparent after completion.,EXACT,{RISK_TO_OTHER}::{OTHER_REPAIR_IMPROVE},100,DONE
f43098a8b3,J4,K1 Valuations assumptions Market Value: The opinion of market value reflects market conditions at the date of inspection and valuation.,ADD,{RISK_TO_OTHER}::{OTHER_PROXIMITY_TRAIN_STATION},47,OPEN
bd9cfaba15,J4,"In some locations, limited housing supply and strong buyer demand may result in competitive bidding and prices above asking levels.",ADD,{RISK_TO_OTHER}::{OTHER_REPAIR_IMPROVE},43,OPEN
12fbd522a4,J4,"Should market conditions change, or the property's condition deteriorate, its resale value may be adversely affected.",ADD,{RISK_TO_OTHER}::{OTHER_PROXIMITY_OTHER},45,OPEN
a14ac6a02e,J4,"Flats: Unless confirmed otherwise by your legal adviser, the valuation has been prepared on the assumption that the property is held on a lease with an unexpired term of approximately 90 years and that there are no onerous lease terms or unusual liabilities that would adversely affect its value.",ADD,{RISK_TO_OTHER}::{OTHER_REPAIR_IMPROVE},41,OPEN
e35ded062b,J4,"Lease Length: The lease is assumed to have a satisfactory unexpired term, and no immediate action is considered necessary.",ADD,{RISK_TO_OTHER}::{OTHER_REPAIR_IMPROVE},44,OPEN
c49e191030,J4,"However, the value and marketability of leasehold properties diminish as the lease term reduces.",ADD,{RISK_TO_OTHER}::{OTHER_PROXIMITY_OTHER},43,OPEN
aa6b056c3e,J4,"Once the unexpired term approaches or falls below 80 years, the cost of extending the lease can increase significantly and the property's value and mortgageability may be adversely affected.",ADD,{RISK_TO_OTHER}::{OTHER_PROXIMITY_OTHER},46,OPEN
06aed1e606,J4,You should seek advice on extending the lease well before it reaches this point.,ADD,{RISK_TO_OTHER}::{OTHER_PROXIMITY_OTHER},43,OPEN
73ce598594,J4,Your legal adviser should confirm the remaining lease term and advise on any implications before you proceed with the purchase.,ADD,{RISK_TO_OTHER}::{OTHER_REPAIR_IMPROVE},48,OPEN
